"id","num_changes","created_at","user","tags","min_x","max_x","min_y","max_y"
"83616741","1","2020-04-15 23:55:11.000","Abdulhafidh","{""comment"":"" #YouthMappers #Map4COVID19"",""created_by"":""Healthsites.io (osmapi/1.2.2)"",""source"":""personal knowladge""}","39.2206394","39.2206395","-6.1817755","-6.1817755"
"83616930","1","2020-04-16 00:14:27.000","Abdulhafidh","{""comment"":""#YouthMappers #Map4COVID19"",""created_by"":""Healthsites.io (osmapi/1.2.2)"",""source"":""personal knowladge""}","39.2230314","39.2230314","-6.1816276","-6.1816276"
"83618271","0","2020-04-16 02:03:37.000","noelledwyer","{""comment"":""added phone number, hospital tag, and url"",""created_by"":""Healthsites.io (osmapi/1.2.2)"",""source"":""https://www.bethesdaweb.com/""}",,,,
"83618392","1","2020-04-16 02:10:06.000","noelledwyer","{""comment"":""added pharmacy tag, phone number, address, and url"",""created_by"":""Healthsites.io (osmapi/1.2.2)"",""source"":""https://www.walgreens.com/locator/walgreens-1601+s+congress+ave-boynton+beach-fl-33426/id=5490""}","-80.0586234","-80.0586234","26.5130550","26.5130550"
"83618544","1","2020-04-16 02:17:35.000","noelledwyer","{""comment"":""added CVS Pharmacy in Delray Beach"",""created_by"":""Healthsites.io (osmapi/1.2.2)"",""source"":""https://www.cvs.com/store-locator/cvs-pharmacy-address/700+Ne+7th+Avenue-Delray+Beach-FL-33446/storeid=5401?WT.mc_id=LS_GOOGLE_FS_5401""}","-80.0678766","-80.0678766","26.4735598","26.4735598"
"83619147","1","2020-04-16 02:47:29.000","noelledwyer","{""comment"":""added Walgreens in Delray Beach. #GWU_geog"",""created_by"":""Healthsites.io (osmapi/1.2.2)"",""source"":""https://www.walgreens.com/locator/walgreens-430+ne+6th+ave-delray+beach-fl-33483/id=2547""}","-80.0675064","-80.0675064","26.4698719","26.4698719"
"83716232","1","2020-04-17 16:00:36.000","Johnny Lagios","{""comment"":""Update based on local info"",""created_by"":""Healthsites.io (osmapi/1.2.2)"",""source"":""Google Maps, local knowledge""}","23.9819358","23.9819358","38.0613314","38.0613314"
"83716372","1","2020-04-17 16:03:26.000","Johnny Lagios","{""comment"":""Updated on local info"",""created_by"":""Healthsites.io (osmapi/1.2.2)"",""source"":""Local knowledge""}","23.9807737","23.9807738","38.0800134","38.0800135"
"83723773","1","2020-04-17 19:46:36.000","Dawn Drake","{""comment"":""#AGSMAppyHour417 "",""created_by"":""Healthsites.io (osmapi/1.2.2)"",""source"":""Walgreens website""}","-94.8161538","-94.8157414","39.8057434","39.8061221"
"83723870","1","2020-04-17 19:49:41.000","Dawn Drake","{""comment"":""#AGSMAppyHour417 "",""created_by"":""Healthsites.io (osmapi/1.2.2)"",""source"":""Walgreens website""}","-94.8043160","-94.8039049","39.7772891","39.7777345"
"83723990","1","2020-04-17 19:53:33.000","DSheets","{""comment"":""Added clinic #AGSMAppyHour417 #americangeo "",""created_by"":""Healthsites.io (osmapi/1.2.2)"",""source"":""local knowledge, store website- mymdnow.com""}","-80.2423650","-80.2423650","26.1212168","26.1212168"
"83723992","1","2020-04-17 19:53:35.000","ntx_geography","{""comment"":""Walgreens Pharmacy "",""created_by"":""Healthsites.io (osmapi/1.2.2)"",""source"":""Local Knowledge""}","-96.7940569","-96.7940569","33.0219242","33.0219242"
"83724068","1","2020-04-17 19:55:55.000","KCann","{""comment"":""Added pharmacy. #AmericanGeo #TeachOSM #AGSMappyHour417"",""created_by"":""Healthsites.io (osmapi/1.2.2)"",""source"":""Aerial imagery, local knowledge, website""}","-74.6010572","-74.6010572","40.1749795","40.1749795"
"83724094","1","2020-04-17 19:56:46.000","careynolds","{""comment"":""added phone, address, and URL  #americangeo  #agsmappyhour417  #teachosm"",""created_by"":""Healthsites.io (osmapi/1.2.2)"",""source"":""local knowledge and store website""}","-70.4855921","-70.4855920","41.7017070","41.7017070"
"83724137","1","2020-04-17 19:58:29.000","ntx_geography","{""comment"":""Teach OSM, AGS MappyHour 417"",""created_by"":""Healthsites.io (osmapi/1.2.2)"",""source"":""Local Knowlwedge, Website""}","-96.7991424","-96.7991424","33.0260621","33.0260621"
"83724163","1","2020-04-17 19:59:05.000","conorjwhite96","{""comment"":""#AmericanGeo"",""created_by"":""Healthsites.io (osmapi/1.2.2)"",""source"":""local knowledge""}","-6.6525650","-6.6525650","53.2109513","53.2109513"
"83724284","1","2020-04-17 20:02:51.000","careynolds","{""comment"":""added URL and phone number #americangeo  #agsmappyhour417  #teachosm"",""created_by"":""Healthsites.io (osmapi/1.2.2)"",""source"":""local knowledge and clinic website ""}","-70.4882087","-70.4877715","41.7170902","41.7177400"
"83724305","1","2020-04-17 20:03:21.000","Dawn Drake","{""comment"":""local knowledge"",""created_by"":""Healthsites.io (osmapi/1.2.2)"",""source"":""#AGSMAppyHour417""}","-94.8294300","-94.8294300","39.7765918","39.7765918"
"83724631","1","2020-04-17 20:14:37.000","careynolds","{""comment"":""update phone number, address, URL #americangeo  #agsmappyhour417 #teachosm"",""created_by"":""Healthsites.io (osmapi/1.2.2)"",""source"":""local knowledge and store website""}","-70.5077264","-70.5077264","41.7659823","41.7659823"
"72304025","1","2019-07-16 12:54:53.000","naveenpf","{""created_by"":""Healthsites.io (osmapi/1.2.2)""}","76.2177565","76.2177565","10.3474484","10.3474484"
"72341222","1","2019-07-17 10:38:40.000","Assane Chérif","{""created_by"":""Healthsites.io (osmapi/1.2.2)""}","-16.4891288","-16.4891288","16.0272546","16.0272546"
"72341496","1","2019-07-17 10:44:33.000","Cheikhounabamba","{""created_by"":""Healthsites.io (osmapi/1.2.2)""}","-16.4893215","-16.4893215","16.0252845","16.0252845"
"72341526","1","2019-07-17 10:45:12.000","cheikhounacasset","{""created_by"":""Healthsites.io (osmapi/1.2.2)""}","-16.4891148","-16.4891148","16.0273059","16.0273059"
"77356312","1","2019-11-21 06:38:00.000","meomancer","{""created_by"":""Healthsites.io (osmapi/1.2.2)""}","107.7096533","107.7096533","-6.9199887","-6.9199887"
"77356493","1","2019-11-21 06:42:31.000","meomancer","{""created_by"":""Healthsites.io (osmapi/1.2.2)""}","107.7096533","107.7102292","-6.9207341","-6.9199887"
"76262966","1","2019-10-27 10:59:10.000","markherringer","{""created_by"":""Healthsites.io (osmapi/1.2.2)""}","12.2228105","12.2228106","51.8490317","51.8490317"
"76265826","1","2019-10-27 13:19:01.000","markherringer","{""created_by"":""Healthsites.io (osmapi/1.2.2)""}","12.1954017","12.1990539","51.8148128","51.8163143"
"77364976","1","2019-11-21 09:19:09.000","meomancer","{""created_by"":""Healthsites.io (osmapi/1.2.2)""}","107.7102291","107.7102292","-6.9207341","-6.9207341"
"72376489","1","2019-07-18 07:42:08.000","Ibou1003","{""created_by"":""Healthsites.io (osmapi/1.2.2)""}","-16.3248708","-16.3248708","15.9286108","15.9286108"
"72376491","1","2019-07-18 07:42:10.000","Ndeye Khady Ndoye","{""created_by"":""Healthsites.io (osmapi/1.2.2)""}","-16.2740668","-16.2740668","15.9178309","15.9178309"
"72417926","1","2019-07-19 07:54:05.000","Ibou1003","{""created_by"":""Healthsites.io (osmapi/1.2.2)""}","-16.3278456","-16.3278456","15.9313501","15.9313501"
"72418388","1","2019-07-19 08:05:02.000","Ibou1003","{""created_by"":""Healthsites.io (osmapi/1.2.2)""}","-16.3085553","-16.3085553","15.8810860","15.8810860"
"72418390","1","2019-07-19 08:05:03.000","Ibou1003","{""created_by"":""Healthsites.io (osmapi/1.2.2)""}","-16.1805111","-16.1805111","15.9604943","15.9604943"
"72418397","1","2019-07-19 08:05:19.000","Ibou1003","{""created_by"":""Healthsites.io (osmapi/1.2.2)""}","-16.2626512","-16.2626512","16.0245315","16.0245315"
"72418408","1","2019-07-19 08:05:28.000","Ndeye Khady Ndoye","{""created_by"":""Healthsites.io (osmapi/1.2.2)""}","-16.2609997","-16.2609997","15.9217149","15.9217149"
"72418409","1","2019-07-19 08:05:29.000","Ibou1003","{""created_by"":""Healthsites.io (osmapi/1.2.2)""}","-16.2665978","-16.2665978","15.8738190","15.8738190"
"72418410","1","2019-07-19 08:05:30.000","Ibou1003","{""created_by"":""Healthsites.io (osmapi/1.2.2)""}","-16.3328160","-16.3328160","15.8370541","15.8370541"
"72418411","1","2019-07-19 08:05:32.000","Ndeye Khady Ndoye","{""created_by"":""Healthsites.io (osmapi/1.2.2)""}","-16.3471381","-16.3471381","15.9290022","15.9290022"
"72418430","1","2019-07-19 08:06:02.000","Ibou1003","{""created_by"":""Healthsites.io (osmapi/1.2.2)""}","-16.3469070","-16.3469070","15.8653980","15.8653980"
"72418431","1","2019-07-19 08:06:03.000","Ndeye Khady Ndoye","{""created_by"":""Healthsites.io (osmapi/1.2.2)""}","-16.3351467","-16.3351467","15.9065136","15.9065136"
"72418433","1","2019-07-19 08:06:03.000","Ndeye Khady Ndoye","{""created_by"":""Healthsites.io (osmapi/1.2.2)""}","-16.2249260","-16.2249260","15.9446086","15.9446086"
"72418435","1","2019-07-19 08:06:04.000","Ndeye Khady Ndoye","{""created_by"":""Healthsites.io (osmapi/1.2.2)""}","-16.2257053","-16.2257053","16.0390490","16.0390490"
"72418436","1","2019-07-19 08:06:05.000","Ndeye Khady Ndoye","{""created_by"":""Healthsites.io (osmapi/1.2.2)""}","-16.2997294","-16.2997294","15.9829005","15.9829005"
"72418437","1","2019-07-19 08:06:06.000","Ndeye Khady Ndoye","{""created_by"":""Healthsites.io (osmapi/1.2.2)""}","-16.3186016","-16.3186016","15.8584601","15.8584601"
"72418439","1","2019-07-19 08:06:09.000","Ndeye Khady Ndoye","{""created_by"":""Healthsites.io (osmapi/1.2.2)""}","-16.3614131","-16.3614131","15.8393057","15.8393057"
"72418440","1","2019-07-19 08:06:10.000","Assane Chérif","{""created_by"":""Healthsites.io (osmapi/1.2.2)""}","-16.4870302","-16.4870302","15.9943474","15.9943474"
"72418441","1","2019-07-19 08:06:11.000","Assane Chérif","{""created_by"":""Healthsites.io (osmapi/1.2.2)""}","-16.4863741","-16.4863741","15.9906978","15.9906978"
"72418445","1","2019-07-19 08:06:12.000","Assane Chérif","{""created_by"":""Healthsites.io (osmapi/1.2.2)""}","-16.4956722","-16.4956722","15.9989833","15.9989833"
"72418479","1","2019-07-19 08:07:00.000","Assane Chérif","{""created_by"":""Healthsites.io (osmapi/1.2.2)""}","-16.4881693","-16.4881693","16.0023484","16.0023484"
"72418481","1","2019-07-19 08:07:01.000","Assane Chérif","{""created_by"":""Healthsites.io (osmapi/1.2.2)""}","-16.4937363","-16.4937363","16.0090117","16.0090117"
"72418482","1","2019-07-19 08:07:02.000","Assane Chérif","{""created_by"":""Healthsites.io (osmapi/1.2.2)""}","-16.4970073","-16.4970073","16.0129749","16.0129749"
"72418483","1","2019-07-19 08:07:03.000","Assane Chérif","{""created_by"":""Healthsites.io (osmapi/1.2.2)""}","-16.4938071","-16.4938071","16.0135446","16.0135446"
"72418484","1","2019-07-19 08:07:04.000","Assane Chérif","{""created_by"":""Healthsites.io (osmapi/1.2.2)""}","-16.4910259","-16.4910259","16.0206010","16.0206010"
"72418492","1","2019-07-19 08:07:15.000","Assane Chérif","{""created_by"":""Healthsites.io (osmapi/1.2.2)""}","-16.4898160","-16.4898160","16.0207679","16.0207679"
"72418493","1","2019-07-19 08:07:16.000","cheikhounacasset","{""created_by"":""Healthsites.io (osmapi/1.2.2)""}","-16.4862975","-16.4862975","15.9907590","15.9907590"
"72418495","1","2019-07-19 08:07:17.000","cheikhounacasset","{""created_by"":""Healthsites.io (osmapi/1.2.2)""}","-16.4899617","-16.4899617","15.9933001","15.9933001"
"72418496","1","2019-07-19 08:07:18.000","cheikhounacasset","{""created_by"":""Healthsites.io (osmapi/1.2.2)""}","-16.4954896","-16.4954896","15.9989664","15.9989664"
"72418497","1","2019-07-19 08:07:19.000","cheikhounacasset","{""created_by"":""Healthsites.io (osmapi/1.2.2)""}","-16.4897861","-16.4897861","15.9974965","15.9974965"
"72418526","1","2019-07-19 08:08:00.000","cheikhounacasset","{""created_by"":""Healthsites.io (osmapi/1.2.2)""}","-16.4906225","-16.4906225","16.0056372","16.0056372"
"72418527","1","2019-07-19 08:08:01.000","cheikhounacasset","{""created_by"":""Healthsites.io (osmapi/1.2.2)""}","-16.4933452","-16.4933452","16.0111015","16.0111015"
"72418528","1","2019-07-19 08:08:02.000","cheikhounacasset","{""created_by"":""Healthsites.io (osmapi/1.2.2)""}","-16.4902293","-16.4902293","16.0172218","16.0172218"
"72418529","1","2019-07-19 08:08:03.000","cheikhounacasset","{""created_by"":""Healthsites.io (osmapi/1.2.2)""}","-16.4895665","-16.4895665","16.0221049","16.0221049"
"72418531","1","2019-07-19 08:08:04.000","Cheikhounabamba","{""created_by"":""Healthsites.io (osmapi/1.2.2)""}","-16.5068336","-16.5068336","16.0436716","16.0436716"
"72418532","1","2019-07-19 08:08:05.000","Cheikhounabamba","{""created_by"":""Healthsites.io (osmapi/1.2.2)""}","-16.5067532","-16.5067532","16.0439240","16.0439240"
"72418533","1","2019-07-19 08:08:06.000","Cheikhounabamba","{""created_by"":""Healthsites.io (osmapi/1.2.2)""}","-16.5095518","-16.5095518","16.0037570","16.0037570"
"72418534","1","2019-07-19 08:08:07.000","Cheikhounabamba","{""created_by"":""Healthsites.io (osmapi/1.2.2)""}","-16.5062732","-16.5062732","16.0239806","16.0239806"
"72418535","1","2019-07-19 08:08:07.000","mhddiallo","{""created_by"":""Healthsites.io (osmapi/1.2.2)""}","-16.5070555","-16.5070555","15.8876830","15.8876830"
"72418538","1","2019-07-19 08:08:08.000","mhddiallo","{""created_by"":""Healthsites.io (osmapi/1.2.2)""}","-16.5067920","-16.5067920","15.8667665","15.8667665"
"72418574","1","2019-07-19 08:09:00.000","mhddiallo","{""created_by"":""Healthsites.io (osmapi/1.2.2)""}","-16.5132989","-16.5132989","15.8398447","15.8398447"
"72418575","1","2019-07-19 08:09:01.000","mhddiallo","{""created_by"":""Healthsites.io (osmapi/1.2.2)""}","-16.4884010","-16.4884010","15.8653210","15.8653210"
"72418576","1","2019-07-19 08:09:02.000","Cheikhounabamba","{""created_by"":""Healthsites.io (osmapi/1.2.2)""}","-16.5065987","-16.5065987","16.0394631","16.0394631"
"72418577","1","2019-07-19 08:09:03.000","Cheikhounabamba","{""created_by"":""Healthsites.io (osmapi/1.2.2)""}","-16.5059069","-16.5059069","16.0231911","16.0231911"
"72418581","1","2019-07-19 08:09:06.000","Cheikhounabamba","{""created_by"":""Healthsites.io (osmapi/1.2.2)""}","-16.5091873","-16.5091873","16.0192405","16.0192405"
"72418582","1","2019-07-19 08:09:07.000","Khadidiatou Sonko","{""created_by"":""Healthsites.io (osmapi/1.2.2)""}","-16.4877132","-16.4877132","16.0253998","16.0253998"
"72418583","1","2019-07-19 08:09:08.000","Khadidiatou Sonko","{""created_by"":""Healthsites.io (osmapi/1.2.2)""}","-16.5082520","-16.5082520","16.0286367","16.0286367"
"72418584","1","2019-07-19 08:09:09.000","Khadidiatou Sonko","{""created_by"":""Healthsites.io (osmapi/1.2.2)""}","-16.5050386","-16.5050386","16.0226764","16.0226764"
"72418586","1","2019-07-19 08:09:09.000","Khadidiatou Sonko","{""created_by"":""Healthsites.io (osmapi/1.2.2)""}","-16.5053366","-16.5053366","16.0227813","16.0227813"
"72418588","1","2019-07-19 08:09:10.000","Khadidiatou Sonko","{""created_by"":""Healthsites.io (osmapi/1.2.2)""}","-16.5080773","-16.5080773","16.0291024","16.0291024"
"72418629","1","2019-07-19 08:10:00.000","Khadidiatou Sonko","{""created_by"":""Healthsites.io (osmapi/1.2.2)""}","-16.5084267","-16.5084267","16.0261271","16.0261271"
"72418630","1","2019-07-19 08:10:02.000","Ibou1003","{""created_by"":""Healthsites.io (osmapi/1.2.2)""}","-16.5041040","-16.5041040","16.0230552","16.0230552"
"72418631","1","2019-07-19 08:10:03.000","Ibou1003","{""created_by"":""Healthsites.io (osmapi/1.2.2)""}","-16.5050727","-16.5050727","16.0268200","16.0268200"
"72418633","1","2019-07-19 08:10:04.000","Ndeye Khady Ndoye","{""created_by"":""Healthsites.io (osmapi/1.2.2)""}","-16.5048381","-16.5048381","16.0266887","16.0266887"
"72418634","1","2019-07-19 08:10:05.000","Ndeye Khady Ndoye","{""created_by"":""Healthsites.io (osmapi/1.2.2)""}","-16.5050338","-16.5050338","16.0271943","16.0271943"
"72418635","1","2019-07-19 08:10:06.000","Ndeye Khady Ndoye","{""created_by"":""Healthsites.io (osmapi/1.2.2)""}","-16.5041091","-16.5041091","16.0282465","16.0282465"
"72418637","1","2019-07-19 08:10:07.000","Ndeye Khady Ndoye","{""created_by"":""Healthsites.io (osmapi/1.2.2)""}","-16.5038110","-16.5038110","16.0329579","16.0329579"
"72418642","1","2019-07-19 08:10:16.000","Ndeye Khady Ndoye","{""created_by"":""Healthsites.io (osmapi/1.2.2)""}","-16.5034503","-16.5034503","16.0343380","16.0343380"
"72418645","1","2019-07-19 08:10:19.000","cheikhounacasset","{""created_by"":""Healthsites.io (osmapi/1.2.2)""}","-16.3974370","-16.3974370","15.9197306","15.9197306"
"72418676","1","2019-07-19 08:11:00.000","cheikhounacasset","{""created_by"":""Healthsites.io (osmapi/1.2.2)""}","-16.3766620","-16.3766620","15.9365262","15.9365262"
"72418677","1","2019-07-19 08:11:04.000","cheikhounacasset","{""created_by"":""Healthsites.io (osmapi/1.2.2)""}","-16.3575668","-16.3575668","15.9882069","15.9882069"
"72418678","1","2019-07-19 08:11:04.000","cheikhounacasset","{""created_by"":""Healthsites.io (osmapi/1.2.2)""}","-16.4379899","-16.4379899","15.8441194","15.8441194"
"72418688","1","2019-07-19 08:11:21.000","Khadidiatou Sonko","{""created_by"":""Healthsites.io (osmapi/1.2.2)""}","-16.4423248","-16.4423248","15.9848516","15.9848516"
"72418690","1","2019-07-19 08:11:22.000","Khadidiatou Sonko","{""created_by"":""Healthsites.io (osmapi/1.2.2)""}","-16.4521036","-16.4521036","15.9341250","15.9341250"
"72418706","1","2019-07-19 08:11:39.000","Cheikhounabamba","{""created_by"":""Healthsites.io (osmapi/1.2.2)""}","-16.4543195","-16.4543195","15.9584302","15.9584302"
"72418710","1","2019-07-19 08:11:42.000","Cheikhounabamba","{""created_by"":""Healthsites.io (osmapi/1.2.2)""}","-16.4681045","-16.4681045","15.9826041","15.9826041"
"72418711","1","2019-07-19 08:11:43.000","Cheikhounabamba","{""created_by"":""Healthsites.io (osmapi/1.2.2)""}","-16.4931829","-16.4931829","15.9400277","15.9400277"
"72418720","1","2019-07-19 08:12:00.000","Assane Chérif","{""created_by"":""Healthsites.io (osmapi/1.2.2)""}","-16.3976165","-16.3976165","15.9199155","15.9199155"
"72418721","1","2019-07-19 08:12:01.000","Assane Chérif","{""created_by"":""Healthsites.io (osmapi/1.2.2)""}","-16.3652819","-16.3652819","15.9225051","15.9225051"
"72418723","1","2019-07-19 08:12:02.000","Assane Chérif","{""created_by"":""Healthsites.io (osmapi/1.2.2)""}","-16.3708631","-16.3708631","15.9717537","15.9717537"
"72418724","1","2019-07-19 08:12:03.000","Assane Chérif","{""created_by"":""Healthsites.io (osmapi/1.2.2)""}","-16.3770082","-16.3770082","15.9848611","15.9848611"
"72418725","1","2019-07-19 08:12:04.000","Assane Chérif","{""created_by"":""Healthsites.io (osmapi/1.2.2)""}","-16.4263296","-16.4263296","15.8918822","15.8918822"
"72418727","1","2019-07-19 08:12:05.000","Assane Chérif","{""created_by"":""Healthsites.io (osmapi/1.2.2)""}","-16.3922098","-16.3922098","15.8612078","15.8612078"
"72418728","1","2019-07-19 08:12:06.000","mhddiallo","{""created_by"":""Healthsites.io (osmapi/1.2.2)""}","-16.4910200","-16.4910200","16.0206419","16.0206419"
"72418730","1","2019-07-19 08:12:06.000","mhddiallo","{""created_by"":""Healthsites.io (osmapi/1.2.2)""}","-16.4938740","-16.4938740","16.0240060","16.0240060"
"72418731","1","2019-07-19 08:12:08.000","mhddiallo","{""created_by"":""Healthsites.io (osmapi/1.2.2)""}","-16.4964437","-16.4964437","16.0252780","16.0252780"
"72418733","1","2019-07-19 08:12:09.000","mhddiallo","{""created_by"":""Healthsites.io (osmapi/1.2.2)""}","-16.4969496","-16.4969496","16.0199110","16.0199110"
"72418770","1","2019-07-19 08:13:00.000","mhddiallo","{""created_by"":""Healthsites.io (osmapi/1.2.2)""}","-16.4890505","-16.4890505","16.0273076","16.0273076"
"72418773","1","2019-07-19 08:13:02.000","Haroune Rachid SAGNA","{""created_by"":""Healthsites.io (osmapi/1.2.2)""}","-16.4452933","-16.4452933","16.0407075","16.0407075"
"72418778","1","2019-07-19 08:13:03.000","Haroune Rachid SAGNA","{""created_by"":""Healthsites.io (osmapi/1.2.2)""}","-16.4469403","-16.4469403","16.0398031","16.0398031"
"72418780","1","2019-07-19 08:13:04.000","FINI6caroline","{""created_by"":""Healthsites.io (osmapi/1.2.2)""}","-16.4891431","-16.4891431","16.0270009","16.0270009"
"72418782","1","2019-07-19 08:13:05.000","FINI6caroline","{""created_by"":""Healthsites.io (osmapi/1.2.2)""}","-16.3472144","-16.3472144","16.1088220","16.1088220"
"72418783","1","2019-07-19 08:13:06.000","FINI6caroline","{""created_by"":""Healthsites.io (osmapi/1.2.2)""}","-16.3635252","-16.3635252","16.0834975","16.0834975"
"72418785","1","2019-07-19 08:13:07.000","FINI6caroline","{""created_by"":""Healthsites.io (osmapi/1.2.2)""}","-16.3914790","-16.3914790","16.0671685","16.0671685"
"72418786","1","2019-07-19 08:13:07.000","FINI6caroline","{""created_by"":""Healthsites.io (osmapi/1.2.2)""}","-16.3820582","-16.3820582","16.0772822","16.0772822"
"72418787","1","2019-07-19 08:13:08.000","FINI6caroline","{""created_by"":""Healthsites.io (osmapi/1.2.2)""}","-16.4195284","-16.4195284","16.0656878","16.0656878"
"72418788","1","2019-07-19 08:13:10.000","FINI6caroline","{""created_by"":""Healthsites.io (osmapi/1.2.2)""}","-16.4331860","-16.4331860","16.0476982","16.0476982"
"72418816","1","2019-07-19 08:14:00.000","FINI6caroline","{""created_by"":""Healthsites.io (osmapi/1.2.2)""}","-16.4265363","-16.4265363","16.0667229","16.0667229"
"72418817","1","2019-07-19 08:14:01.000","FINI6caroline","{""created_by"":""Healthsites.io (osmapi/1.2.2)""}","-16.4333814","-16.4333814","16.0492900","16.0492900"
"72418818","1","2019-07-19 08:14:02.000","FINI6caroline","{""created_by"":""Healthsites.io (osmapi/1.2.2)""}","-16.4463283","-16.4463283","16.0189160","16.0189160"
"72418820","1","2019-07-19 08:14:03.000","FINI6caroline","{""created_by"":""Healthsites.io (osmapi/1.2.2)""}","-16.4513452","-16.4513452","16.0659495","16.0659495"
"72418824","1","2019-07-19 08:14:05.000","FINI6caroline","{""created_by"":""Healthsites.io (osmapi/1.2.2)""}","-16.4501609","-16.4501609","16.0645827","16.0645827"
"72418826","1","2019-07-19 08:14:06.000","FINI6caroline","{""created_by"":""Healthsites.io (osmapi/1.2.2)""}","-16.4562459","-16.4562459","16.0626248","16.0626248"
"72418829","1","2019-07-19 08:14:08.000","FINI6caroline","{""created_by"":""Healthsites.io (osmapi/1.2.2)""}","-16.4715159","-16.4715159","16.0331234","16.0331234"
"72418831","1","2019-07-19 08:14:10.000","FINI6caroline","{""created_by"":""Healthsites.io (osmapi/1.2.2)""}","-16.4709230","-16.4709230","16.0329201","16.0329201"
"72421828","1","2019-07-19 09:40:01.000","MarTintamarre","{""created_by"":""Healthsites.io (osmapi/1.2.2)""}","-16.4893215","-16.4893215","16.0252844","16.0252845"
"76349199","1","2019-10-29 14:15:26.000","markherringer","{""created_by"":""Healthsites.io (osmapi/1.2.2)""}","12.1954017","12.1990539","51.8148128","51.8163143"
"70465985","0","2019-05-21 07:07:02.000","meomancer","{""created_by"":""Healthsites.io (osmapi/1.2.2)""}",,,,
"70466002","0","2019-05-21 07:07:46.000","meomancer","{""created_by"":""Healthsites.io (osmapi/1.2.2)""}",,,,
"70466041","1","2019-05-21 07:09:38.000","meomancer","{""created_by"":""Healthsites.io (osmapi/1.2.2)""}","100.0307000","100.0307000","-0.3138400","-0.3138400"
"76390049","1","2019-10-30 11:50:22.000","johanvanzyl7777777","{""created_by"":""Healthsites.io (osmapi/1.2.2)""}","24.8291016","24.8291016","-32.5468132","-32.5468132"
"76390558","1","2019-10-30 12:01:12.000","johanvanzyl7777777","{""created_by"":""Healthsites.io (osmapi/1.2.2)""}","28.1034420","28.1034420","-25.8842297","-25.8842296"
"82090604","1","2020-03-12 05:00:22.000","Arifcer","{""created_by"":""Healthsites.io (osmapi/1.2.2)""}","105.8353114","105.8353114","-6.3807324","-6.3807324"
"82097820","1","2020-03-12 07:32:34.000","Arifcer","{""created_by"":""Healthsites.io (osmapi/1.2.2)""}","105.8367598","105.8367598","-6.3197879","-6.3197879"
"79434432","1","2020-01-10 20:33:23.000","nlehuby","{""created_by"":""Healthsites.io (osmapi/1.2.2)""}","2.6544374","2.6544374","48.8424352","48.8424352"
"78238757","1","2019-12-11 05:00:54.000","asdofindia","{""created_by"":""Healthsites.io (osmapi/1.2.2)""}","77.5734150","77.5734150","12.9882645","12.9882646"
"74796477","1","2019-09-23 09:23:32.000","markherringer","{""created_by"":""Healthsites.io (osmapi/1.2.2)""}","4.9150138","4.9150138","52.3583574","52.3583575"
"74796750","1","2019-09-23 09:30:43.000","markherringer","{""created_by"":""Healthsites.io (osmapi/1.2.2)""}","4.9150138","4.9150138","52.3583573","52.3583574"
"74801808","1","2019-09-23 11:16:30.000","Janusz Slota","{""created_by"":""Healthsites.io (osmapi/1.2.2)""}","-0.7520898","-0.7520897","51.3918935","51.3918935"
"82260957","0","2020-03-16 13:57:51.000","milovanderlinden","{""created_by"":""Healthsites.io (osmapi/1.2.2)""}",,,,
"82260969","0","2020-03-16 13:58:13.000","milovanderlinden","{""created_by"":""Healthsites.io (osmapi/1.2.2)""}",,,,
"82261033","0","2020-03-16 13:59:35.000","milovanderlinden","{""created_by"":""Healthsites.io (osmapi/1.2.2)""}",,,,
"82261114","1","2020-03-16 14:01:26.000","milovanderlinden","{""created_by"":""Healthsites.io (osmapi/1.2.2)""}","5.2728501","5.2793545","51.6837742","51.6864914"
"82263865","0","2020-03-16 15:19:53.000","markherringer","{""created_by"":""Healthsites.io (osmapi/1.2.2)""}",,,,
"82271923","0","2020-03-16 19:33:11.000","timlinux","{""created_by"":""Healthsites.io (osmapi/1.2.2)""}",,,,
"82280413","0","2020-03-17 03:02:37.000","meomancer","{""created_by"":""Healthsites.io (osmapi/1.2.2)""}",,,,
"82284316","1","2020-03-17 05:17:42.000","meomancer","{""created_by"":""Healthsites.io (osmapi/1.2.2)""}","100.0307000","100.0307000","-0.3138400","-0.3138400"
"80819292","1","2020-02-11 00:23:01.000","Stuart74","{""created_by"":""Healthsites.io (osmapi/1.2.2)""}","-6.1223918","-6.1223918","53.1892284","53.1892285"
"80819307","1","2020-02-11 00:24:13.000","Stuart74","{""created_by"":""Healthsites.io (osmapi/1.2.2)""}","-6.1065904","-6.1065904","53.1935402","53.1935402"
"80819325","1","2020-02-11 00:25:29.000","Stuart74","{""created_by"":""Healthsites.io (osmapi/1.2.2)""}","-6.1096493","-6.1096493","53.2024675","53.2024675"
"80819343","1","2020-02-11 00:26:40.000","Stuart74","{""created_by"":""Healthsites.io (osmapi/1.2.2)""}","-6.1099123","-6.1099122","53.2030882","53.2030883"
"80819357","1","2020-02-11 00:27:28.000","Stuart74","{""created_by"":""Healthsites.io (osmapi/1.2.2)""}","-6.1112414","-6.1112413","53.2041729","53.2041730"
"80819378","1","2020-02-11 00:28:38.000","Stuart74","{""created_by"":""Healthsites.io (osmapi/1.2.2)""}","-6.1091576","-6.1091576","53.2042573","53.2042574"
"80819396","1","2020-02-11 00:29:21.000","Stuart74","{""created_by"":""Healthsites.io (osmapi/1.2.2)""}","-6.1078558","-6.1078558","53.2046314","53.2046315"
"80819415","1","2020-02-11 00:30:17.000","Stuart74","{""created_by"":""Healthsites.io (osmapi/1.2.2)""}","-6.1064951","-6.1064951","53.2036543","53.2036543"
"80819447","1","2020-02-11 00:32:21.000","Stuart74","{""created_by"":""Healthsites.io (osmapi/1.2.2)""}","-6.1228002","-6.1228001","53.1893368","53.1893368"
"80819479","1","2020-02-11 00:34:23.000","Stuart74","{""created_by"":""Healthsites.io (osmapi/1.2.2)""}","-6.1218469","-6.1218469","53.1960275","53.1960275"
"80819503","1","2020-02-11 00:36:18.000","Stuart74","{""created_by"":""Healthsites.io (osmapi/1.2.2)""}","-6.0600402","-6.0595923","53.1396947","53.1398447"
"80819519","1","2020-02-11 00:37:46.000","Stuart74","{""created_by"":""Healthsites.io (osmapi/1.2.2)""}","-6.0646431","-6.0646431","53.1084291","53.1084292"
"80819527","1","2020-02-11 00:38:17.000","Stuart74","{""created_by"":""Healthsites.io (osmapi/1.2.2)""}","-6.0647501","-6.0647500","53.1099005","53.1099005"
"80819547","1","2020-02-11 00:39:59.000","Stuart74","{""created_by"":""Healthsites.io (osmapi/1.2.2)""}","-6.1014167","-6.0940674","53.0783090","53.0822877"
"80819567","1","2020-02-11 00:41:34.000","Stuart74","{""created_by"":""Healthsites.io (osmapi/1.2.2)""}","-6.1124931","-6.1124931","53.0916714","53.0916714"
"82297173","1","2020-03-17 10:10:10.000","Diego Krein","{""created_by"":""Healthsites.io (osmapi/1.2.2)""}","-58.1226560","-58.1226560","-28.2668120","-28.2668119"
"75552079","1","2019-10-11 09:01:58.000","timlinux","{""created_by"":""Healthsites.io (osmapi/1.2.2)""}","-7.3497355","-7.3497355","39.4145336","39.4145336"
"75552422","1","2019-10-11 09:10:11.000","timlinux","{""created_by"":""Healthsites.io (osmapi/1.2.2)""}","-7.3499796","-7.3499796","39.4145087","39.4145087"
"82308472","1","2020-03-17 15:21:43.000","Patricia Solis","{""created_by"":""Healthsites.io (osmapi/1.2.2)""}","-111.9100981","-111.9096261","33.3338442","33.3342458"
"82313659","1","2020-03-17 17:59:48.000","Janusz Slota","{""created_by"":""Healthsites.io (osmapi/1.2.2)""}","-0.1829312","-0.1804246","51.4836527","51.4851882"
"82313985","1","2020-03-17 18:09:47.000","Janusz Slota","{""created_by"":""Healthsites.io (osmapi/1.2.2)""}","-0.7448530","-0.7392011","51.3173024","51.3220083"
"80847326","1","2020-02-11 11:30:27.000","MaguetteNdong","{""created_by"":""Healthsites.io (osmapi/1.2.2)""}","-17.4382324","-17.4382324","14.6597879","14.6597880"
"82316615","1","2020-03-17 19:46:26.000","rskedgell","{""created_by"":""Healthsites.io (osmapi/1.2.2)""}","0.0047685","0.0049618","51.5495196","51.5495851"
"82320334","1","2020-03-17 22:36:31.000","Patricia Solis","{""created_by"":""Healthsites.io (osmapi/1.2.2)""}","-111.8913907","-111.8913907","33.3338583","33.3338584"
"82339303","1","2020-03-18 09:00:22.000","sanchi","{""created_by"":""Healthsites.io (osmapi/1.2.2)""}","-5.6731206","-5.6724132","40.9695268","40.9700252"
"80901102","1","2020-02-12 11:13:11.000","tyr_asd","{""created_by"":""Healthsites.io (osmapi/1.2.2)""}","8.6884671","8.6898136","49.4019286","49.4032099"
"79735835","1","2020-01-18 16:48:15.000","Privatemajory","{""created_by"":""Healthsites.io (osmapi/1.2.2)""}","47.1099382","47.1099383","-21.4618694","-21.4618694"
"75687335","1","2019-10-14 20:24:34.000","ChrisJow","{""created_by"":""Healthsites.io (osmapi/1.2.2)""}","-122.3978058","-122.3971570","47.6386516","47.6390074"
"78429026","1","2019-12-15 12:56:42.000","mikoMK","{""created_by"":""Healthsites.io (osmapi/1.2.2)""}","8.9425883","8.9425884","47.1752188","47.1752188"
"78470796","1","2019-12-16 11:24:15.000","LeeFeander","{""created_by"":""Healthsites.io (osmapi/1.2.2)""}","33.5122915","33.5122915","-36.7950971","-36.7950971"
"78470865","1","2019-12-16 11:26:06.000","LeeFeander","{""created_by"":""Healthsites.io (osmapi/1.2.2)""}","33.4423828","33.4423828","-36.8092847","-36.8092847"
"78470919","1","2019-12-16 11:27:24.000","LeeFeander","{""created_by"":""Healthsites.io (osmapi/1.2.2)""}","33.4423828","33.4423828","-36.8092847","-36.8092847"
"78470941","1","2019-12-16 11:28:05.000","LeeFeander","{""created_by"":""Healthsites.io (osmapi/1.2.2)""}","28.4985352","28.4985352","-28.6520306","-28.6520306"
"78471217","1","2019-12-16 11:35:12.000","LeeFeander","{""created_by"":""Healthsites.io (osmapi/1.2.2)""}","0.0000000","0.0000000","0.0000000","0.0000000"
"79761466","1","2020-01-19 18:02:33.000","Matteo Btt","{""created_by"":""Healthsites.io (osmapi/1.2.2)""}","34.5941341","34.5941341","8.2496420","8.2496420"
"78547388","1","2019-12-17 22:08:47.000","Binnette","{""created_by"":""Healthsites.io (osmapi/1.2.2)""}","5.7494378","5.7494378","45.1850777","45.1850777"
"78547422","1","2019-12-17 22:10:21.000","Binnette","{""created_by"":""Healthsites.io (osmapi/1.2.2)""}","5.7589889","5.7589889","45.1827063","45.1827063"
"75217282","1","2019-10-03 08:21:39.000","timlinux","{""created_by"":""Healthsites.io (osmapi/1.2.2)""}","-7.3225594","-7.3225594","39.2403720","39.2403720"
"75248750","1","2019-10-03 18:43:17.000","allieduniversal","{""created_by"":""Healthsites.io (osmapi/1.2.2)""}","127.9826772","127.9826772","-20.1415996","-20.1415996"
"75248916","1","2019-10-03 18:48:21.000","allieduniversal","{""created_by"":""Healthsites.io (osmapi/1.2.2)""}","127.9826772","127.9826772","-20.1415996","-20.1415996"
"73866970","1","2019-08-29 06:35:03.000","meomancer","{""created_by"":""Healthsites.io (osmapi/1.2.2)""}","99.9226150","99.9229248","-0.3948677","-0.3945820"
"73867093","1","2019-08-29 06:40:56.000","meomancer","{""created_by"":""Healthsites.io (osmapi/1.2.2)""}","100.9309287","100.9315385","-0.6593959","-0.6588511"
"73867324","1","2019-08-29 06:50:06.000","meomancer","{""created_by"":""Healthsites.io (osmapi/1.2.2)""}","99.8270246","99.8282879","0.1076824","0.1086051"
"73944661","1","2019-08-31 07:55:50.000","AndrewJincom","{""created_by"":""Healthsites.io (osmapi/1.2.2)""}","18.8567768","18.8567769","-33.9544376","-33.9544376"
"73966128","1","2019-09-01 07:55:31.000","naveenpf","{""created_by"":""Healthsites.io (osmapi/1.2.2)""}","76.2177565","76.2177565","10.3474484","10.3474484"
"73995734","1","2019-09-02 10:59:37.000","robertbruil","{""created_by"":""Healthsites.io (osmapi/1.2.2)""}","4.4616187","4.4616187","52.1783925","52.1783925"
"74063871","1","2019-09-04 04:06:07.000","naveenpf","{""created_by"":""Healthsites.io (osmapi/1.2.2)""}","79.4140465","79.4140466","13.6383743","13.6383744"
"76795480","1","2019-11-08 08:52:35.000","Eaton's Quality Medical & Skin Cancer Centre","{""created_by"":""Healthsites.io (osmapi/1.2.2)""}","152.9622150","152.9622150","-27.3373994","-27.3373993"
"71696630","0","2019-06-28 07:22:58.000","meomancer","{""created_by"":""Healthsites.io (osmapi/1.2.2)""}",,,,
"71696808","0","2019-06-28 07:30:36.000","meomancer","{""created_by"":""Healthsites.io (osmapi/1.2.2)""}",,,,
"71696825","0","2019-06-28 07:31:05.000","meomancer","{""created_by"":""Healthsites.io (osmapi/1.2.2)""}",,,,
"71696894","0","2019-06-28 07:33:14.000","meomancer","{""created_by"":""Healthsites.io (osmapi/1.2.2)""}",,,,
"71696910","1","2019-06-28 07:33:34.000","meomancer","{""created_by"":""Healthsites.io (osmapi/1.2.2)""}","100.0307000","100.0307000","-0.3138400","-0.3138400"
"71772990","0","2019-07-01 06:38:08.000","meomancer","{""created_by"":""Healthsites.io (osmapi/1.2.2)""}",,,,
"71773004","1","2019-07-01 06:38:54.000","meomancer","{""created_by"":""Healthsites.io (osmapi/1.2.2)""}","100.0307000","100.0307000","-0.3138400","-0.3138400"
"71774689","1","2019-07-01 07:51:27.000","meomancer","{""created_by"":""Healthsites.io (osmapi/1.2.2)""}","100.0307000","100.0307000","-0.3138400","-0.3138400"
"78633442","1","2019-12-19 10:55:43.000","easylin","{""created_by"":""Healthsites.io (osmapi/1.2.2)""}","104.0547645","104.0547645","30.6569402","30.6569402"
"78636209","1","2019-12-19 12:11:00.000","timlinux","{""created_by"":""Healthsites.io (osmapi/1.2.2)""}","-7.4570778","-7.4570778","39.4146701","39.4146701"
"77111442","1","2019-11-15 08:09:50.000","timlinux","{""created_by"":""Healthsites.io (osmapi/1.2.2)""}","-7.4313444","-7.4313444","39.2622765","39.2622765"
"77112056","1","2019-11-15 08:22:07.000","timlinux","{""created_by"":""Healthsites.io (osmapi/1.2.2)""}","-7.4313444","-7.4313444","39.2622764","39.2622765"
"77112679","1","2019-11-15 08:33:47.000","timlinux","{""created_by"":""Healthsites.io (osmapi/1.2.2)""}","-7.4313444","-7.4313444","39.2622764","39.2622764"
"77158015","1","2019-11-16 08:20:14.000","markherringer","{""created_by"":""Healthsites.io (osmapi/1.2.2)""}","4.9245092","4.9245093","52.3589832","52.3589833"
"81634833","1","2020-03-01 03:44:57.000","swpk","{""created_by"":""Healthsites.io (osmapi/1.2.2)""}","100.4796795","100.4820721","13.8641791","13.8654684"
"72166786","1","2019-07-12 07:54:40.000","meomancer","{""created_by"":""Healthsites.io (osmapi/1.2.2)""}","107.7087704","107.7087704","-6.9203324","-6.9203324"
"72170532","1","2019-07-12 09:35:13.000","markherringer","{""created_by"":""Healthsites.io (osmapi/1.2.2)""}","4.9302649","4.9302649","52.3614003","52.3614003"
"72179120","1","2019-07-12 12:41:30.000","markherringer","{""created_by"":""Healthsites.io (osmapi/1.2.2)""}","4.9302648","4.9302649","52.3614002","52.3614003"
"72185209","1","2019-07-12 14:48:01.000","markherringer","{""created_by"":""Healthsites.io (osmapi/1.2.2)""}","4.9244666","4.9244666","52.3577396","52.3577396"
"72185211","1","2019-07-12 14:48:02.000","Shawn Sarwar","{""created_by"":""Healthsites.io (osmapi/1.2.2)""}","13.4113653","13.4113653","52.5484493","52.5484493"
"72185894","1","2019-07-12 15:00:01.000","markherringer","{""created_by"":""Healthsites.io (osmapi/1.2.2)""}","4.9244115","4.9244115","52.3578152","52.3578152"
"79147761","1","2020-01-03 09:10:39.000","Girum Tibebu","{""created_by"":""Healthsites.io (osmapi/1.2.2)""}","38.7597072","38.7597072","8.9891687","8.9891687"
"82365972","1","2020-03-18 22:50:09.000","Patricia Solis","{""created_by"":""Healthsites.io (osmapi/1.2.2)""}","-79.9082647","-79.9079063","8.5382928","8.5386979"
"82366040","1","2020-03-18 22:54:37.000","Patricia Solis","{""created_by"":""Healthsites.io (osmapi/1.2.2)""}","-79.9091864","-79.9091864","8.5511140","8.5511140"
"74321926","1","2019-09-10 17:00:55.000","markherringer","{""created_by"":""Healthsites.io (osmapi/1.2.2)""}","4.9133947","4.9172493","52.3572670","52.3590655"
"74322535","1","2019-09-10 17:18:41.000","markherringer","{""created_by"":""Healthsites.io (osmapi/1.2.2)""}","4.9133947","4.9172493","52.3572670","52.3590655"
"82418843","0","2020-03-20 06:57:54.000","Pit Wenkin","{""created_by"":""Healthsites.io (osmapi/1.2.2)""}",,,,
"82421031","1","2020-03-20 07:57:56.000","muindre","{""created_by"":""Healthsites.io (osmapi/1.2.2)""}","36.7811189","36.7811190","-1.3077520","-1.3077519"
"82423590","1","2020-03-20 08:58:10.000","maning","{""created_by"":""Healthsites.io (osmapi/1.2.2)""}","121.1027448","121.1029311","14.6244334","14.6247147"
"82424501","1","2020-03-20 09:20:30.000","chomba chishala","{""created_by"":""Healthsites.io (osmapi/1.2.2)""}","28.0997797","28.1012736","-12.8348650","-12.8328330"
"82425186","1","2020-03-20 09:37:48.000","chomba chishala","{""created_by"":""Healthsites.io (osmapi/1.2.2)""}","28.0990260","28.0991735","-12.8487729","-12.8484277"
"82425475","1","2020-03-20 09:44:43.000","muindre","{""created_by"":""Healthsites.io (osmapi/1.2.2)""}","36.6685653","36.6685653","-1.2653633","-1.2653633"
"82425932","1","2020-03-20 09:55:56.000","Moulahoum","{""created_by"":""Healthsites.io (osmapi/1.2.2)""}","2.9828631","2.9830911","36.6882874","36.6884298"
"82425986","1","2020-03-20 09:57:26.000","Moulahoum","{""created_by"":""Healthsites.io (osmapi/1.2.2)""}","2.9825735","2.9825735","36.6927346","36.6927346"
"82428847","1","2020-03-20 11:08:34.000","Moulahoum","{""created_by"":""Healthsites.io (osmapi/1.2.2)""}","2.9729775","2.9732350","36.6932461","36.6934224"
"82430630","1","2020-03-20 12:02:08.000","Ingrid k","{""created_by"":""Healthsites.io (osmapi/1.2.2)""}","32.6374143","32.6374143","0.3673421","0.3673421"
"82430732","1","2020-03-20 12:04:59.000","Ingrid k","{""created_by"":""Healthsites.io (osmapi/1.2.2)""}","32.6371568","32.6371568","0.3677122","0.3677122"
"82431149","1","2020-03-20 12:17:55.000","Ingrid k","{""created_by"":""Healthsites.io (osmapi/1.2.2)""}","32.6357192","32.6357192","0.3636944","0.3636944"
"82431669","0","2020-03-20 12:36:04.000","mweper","{""created_by"":""Healthsites.io (osmapi/1.2.2)""}",,,,
"82431682","0","2020-03-20 12:36:24.000","mweper","{""created_by"":""Healthsites.io (osmapi/1.2.2)""}",,,,
"82431701","0","2020-03-20 12:36:58.000","mweper","{""created_by"":""Healthsites.io (osmapi/1.2.2)""}",,,,
"82438289","1","2020-03-20 15:47:37.000","Ingrid k","{""created_by"":""Healthsites.io (osmapi/1.2.2)""}","32.6374142","32.6374143","0.3673421","0.3673421"
"82439884","1","2020-03-20 16:33:26.000","kwaku_boateng","{""created_by"":""Healthsites.io (osmapi/1.2.2)""}","-1.2978729","-1.2978729","5.1235877","5.1235877"
"82441302","1","2020-03-20 17:18:56.000","pkodame","{""created_by"":""Healthsites.io (osmapi/1.2.2)""}","-1.2790489","-1.2790489","5.1370121","5.1370121"
"82443944","1","2020-03-20 18:50:27.000","abdcoul","{""created_by"":""Healthsites.io (osmapi/1.2.2)""}","-0.0628674","-0.0628674","5.6223696","5.6223697"
"82444081","1","2020-03-20 18:55:53.000","abdcoul","{""created_by"":""Healthsites.io (osmapi/1.2.2)""}","-0.0887588","-0.0887587","5.6281043","5.6281043"
"82447431","1","2020-03-20 21:16:29.000","Karen Martinez","{""created_by"":""Healthsites.io (osmapi/1.2.2)""}","-79.5485365","-79.5485365","8.9473684","8.9473684"
"82447545","1","2020-03-20 21:21:57.000","Karen Martinez","{""created_by"":""Healthsites.io (osmapi/1.2.2)""}","-79.5402217","-79.5402217","8.9520687","8.9520687"
"82449300","1","2020-03-20 23:08:43.000","maradames","{""created_by"":""Healthsites.io (osmapi/1.2.2)""}","-79.4531894","-79.4531894","9.0692123","9.0692123"
"82449308","1","2020-03-20 23:09:15.000","Luis Locano","{""created_by"":""Healthsites.io (osmapi/1.2.2)""}","-79.3257787","-79.3254766","9.0973086","9.0977119"
"82450640","1","2020-03-21 01:22:22.000","amedsanda","{""created_by"":""Healthsites.io (osmapi/1.2.2)""}","-0.6299543","-0.6299543","5.3690742","5.3690742"
"82450699","1","2020-03-21 01:30:36.000","amedsanda","{""created_by"":""Healthsites.io (osmapi/1.2.2)""}","-0.6287956","-0.6287956","5.3532436","5.3532436"
"82450716","1","2020-03-21 01:32:45.000","amedsanda","{""created_by"":""Healthsites.io (osmapi/1.2.2)""}","-0.6363058","-0.6363058","5.3634556","5.3634556"
"82457327","1","2020-03-21 11:18:44.000","Jolaiya Emmanuel","{""created_by"":""Healthsites.io (osmapi/1.2.2)""}","5.1494068","5.1494068","7.2954753","7.2954753"
"82458349","1","2020-03-21 12:30:42.000","maning","{""created_by"":""Healthsites.io (osmapi/1.2.2)""}","121.1027448","121.1029311","14.6244334","14.6247147"
"82459520","1","2020-03-21 13:23:18.000","Vinber","{""created_by"":""Healthsites.io (osmapi/1.2.2)""}","-0.6137920","-0.6018242","44.8249775","44.8300531"
"82461900","1","2020-03-21 15:15:21.000","Rutherford Otu","{""created_by"":""Healthsites.io (osmapi/1.2.2)""}","-0.6662393","-0.6662393","6.6519796","6.6519796"
"82463857","0","2020-03-21 16:34:39.000","Aury88","{""created_by"":""Healthsites.io (osmapi/1.2.2)""}",,,,
"82463860","0","2020-03-21 16:34:42.000","Aury88","{""created_by"":""Healthsites.io (osmapi/1.2.2)""}",,,,
"82463862","0","2020-03-21 16:34:44.000","Aury88","{""created_by"":""Healthsites.io (osmapi/1.2.2)""}",,,,
"82463905","0","2020-03-21 16:36:25.000","Aury88","{""created_by"":""Healthsites.io (osmapi/1.2.2)""}",,,,
"82463914","0","2020-03-21 16:36:42.000","Aury88","{""created_by"":""Healthsites.io (osmapi/1.2.2)""}",,,,
"82463920","0","2020-03-21 16:36:58.000","Aury88","{""created_by"":""Healthsites.io (osmapi/1.2.2)""}",,,,
"82463928","1","2020-03-21 16:37:22.000","Aury88","{""created_by"":""Healthsites.io (osmapi/1.2.2)""}","9.3535915","9.3591613","45.6064572","45.6100543"
"82465104","1","2020-03-21 17:18:34.000","airon90","{""created_by"":""Healthsites.io (osmapi/1.2.2)""}","8.9120271","8.9120271","45.5748362","45.5748362"
"82466226","1","2020-03-21 17:58:46.000","ChRogel","{""created_by"":""Healthsites.io (osmapi/1.2.2)""}","-4.0985611","-4.0926092","47.9840246","47.9879746"
"82466384","1","2020-03-21 18:03:56.000","ChRogel","{""created_by"":""Healthsites.io (osmapi/1.2.2)""}","-4.0983577","-4.0983576","48.0035168","48.0035169"
"82466742","1","2020-03-21 18:18:08.000","ChRogel","{""created_by"":""Healthsites.io (osmapi/1.2.2)""}","-4.0943199","-4.0943199","48.0069284","48.0069285"
"82466997","1","2020-03-21 18:30:06.000","ChRogel","{""created_by"":""Healthsites.io (osmapi/1.2.2)""}","-4.0957869","-4.0957869","48.0100157","48.0100157"
"82468432","1","2020-03-21 19:37:02.000","Tinago","{""created_by"":""Healthsites.io (osmapi/1.2.2)""}","-79.5082390","-79.5082390","9.0410663","9.0410663"
"82469584","1","2020-03-21 20:33:11.000","pkodame","{""created_by"":""Healthsites.io (osmapi/1.2.2)""}","-1.2789041","-1.2789041","5.1120657","5.1120657"
"82470270","1","2020-03-21 21:10:04.000","Ashfak_Mahmud","{""created_by"":""Healthsites.io (osmapi/1.2.2)""}","91.8074065","91.8074065","22.4977735","22.4977735"
"82471293","1","2020-03-21 22:19:02.000","kwaku_boateng","{""created_by"":""Healthsites.io (osmapi/1.2.2)""}","-1.2866986","-1.2866986","5.1038348","5.1038348"
"82471396","1","2020-03-21 22:26:20.000","Kanjin Bilinyi Futureman","{""created_by"":""Healthsites.io (osmapi/1.2.2)""}","0.3041947","0.3041947","8.4934042","8.4934042"
"82471583","1","2020-03-21 22:41:57.000","Kanjin Bilinyi Futureman","{""created_by"":""Healthsites.io (osmapi/1.2.2)""}","0.2313459","0.2313459","8.6114246","8.6114246"
"82472346","1","2020-03-21 23:53:24.000","kwaku_boateng","{""created_by"":""Healthsites.io (osmapi/1.2.2)""}","-1.2912532","-1.2912532","5.1169225","5.1169225"
"82475355","1","2020-03-22 06:32:46.000","Wava Stella","{""created_by"":""Healthsites.io (osmapi/1.2.2)""}","32.6542050","32.6542050","0.3878176","0.3878176"
"82475386","1","2020-03-22 06:37:51.000","Wava Stella","{""created_by"":""Healthsites.io (osmapi/1.2.2)""}","32.6452196","32.6452196","0.3787252","0.3787252"
"82475395","1","2020-03-22 06:39:27.000","Wava Stella","{""created_by"":""Healthsites.io (osmapi/1.2.2)""}","32.6478428","32.6478428","0.3785052","0.3785052"
"82475481","1","2020-03-22 06:50:26.000","Wava Stella","{""created_by"":""Healthsites.io (osmapi/1.2.2)""}","32.6451713","32.6451713","0.3785213","0.3785213"
"82475618","1","2020-03-22 07:04:26.000","Wava Stella","{""created_by"":""Healthsites.io (osmapi/1.2.2)""}","32.6131994","32.6131994","0.3552456","0.3552456"
"82475630","1","2020-03-22 07:06:03.000","Wava Stella","{""created_by"":""Healthsites.io (osmapi/1.2.2)""}","32.6165414","32.6165414","0.3493126","0.3493126"
"82477161","1","2020-03-22 08:52:48.000","meomancer","{""created_by"":""Healthsites.io (osmapi/1.2.2)""}","100.4024614","100.4025793","-0.9079884","-0.9078593"
"82477900","1","2020-03-22 09:30:51.000","timlinux","{""created_by"":""Healthsites.io (osmapi/1.2.2)""}","-7.3499796","-7.3499796","39.4145087","39.4145087"
"82478106","1","2020-03-22 09:41:37.000","timlinux","{""created_by"":""Healthsites.io (osmapi/1.2.2)""}","-7.4563728","-7.4558048","39.4136698","39.4142698"
"82479576","1","2020-03-22 10:49:17.000","timlinux","{""created_by"":""Healthsites.io (osmapi/1.2.2)""}","-7.4563728","-7.4558048","39.4136698","39.4142698"
"82481541","1","2020-03-22 12:18:10.000","markherringer","{""created_by"":""Healthsites.io (osmapi/1.2.2)""}","4.9245091","4.9245092","52.3589831","52.3589832"
"82481883","1","2020-03-22 12:30:29.000","Janusz Slota","{""created_by"":""Healthsites.io (osmapi/1.2.2)""}","-0.7520899","-0.7520898","51.3918935","51.3918935"
"82482148","1","2020-03-22 12:42:29.000","meomancer","{""created_by"":""Healthsites.io (osmapi/1.2.2)""}","-7.4563728","-7.4558048","39.4136698","39.4142698"
"82482307","1","2020-03-22 12:48:18.000","meomancer","{""created_by"":""Healthsites.io (osmapi/1.2.2)""}","-7.4563728","-7.4558048","39.4136698","39.4142698"
"82482475","1","2020-03-22 12:56:07.000","meomancer","{""created_by"":""Healthsites.io (osmapi/1.2.2)""}","-7.4563728","-7.4558048","39.4136698","39.4142698"
"82482793","1","2020-03-22 13:10:42.000","markherringer","{""created_by"":""Healthsites.io (osmapi/1.2.2)""}","5.1812421","5.1812422","52.0894341","52.0894342"
"82482808","1","2020-03-22 13:11:18.000","meomancer","{""created_by"":""Healthsites.io (osmapi/1.2.2)""}","-7.4563728","-7.4558048","39.4136698","39.4142698"
"74436625","1","2019-09-13 12:47:49.000","holgerd","{""created_by"":""Healthsites.io (osmapi/1.2.2)""}","13.4374866","13.4374866","52.5136516","52.5136517"
"82513664","1","2020-03-23 08:59:55.000","muindre","{""created_by"":""Healthsites.io (osmapi/1.2.2)""}","36.6644374","36.6644374","-1.2447126","-1.2447126"
"82513855","1","2020-03-23 09:03:43.000","muindre","{""created_by"":""Healthsites.io (osmapi/1.2.2)""}","36.6647565","36.6647565","-1.2447689","-1.2447689"
"82514549","1","2020-03-23 09:18:26.000","muindre","{""created_by"":""Healthsites.io (osmapi/1.2.2)""}","36.6646492","36.6646492","-1.2447475","-1.2447475"
"82515218","1","2020-03-23 09:34:51.000","muindre","{""created_by"":""Healthsites.io (osmapi/1.2.2)""}","36.6642576","36.6642576","-1.2455948","-1.2455948"
"82515302","1","2020-03-23 09:37:00.000","muindre","{""created_by"":""Healthsites.io (osmapi/1.2.2)""}","36.6644669","36.6644669","-1.2457933","-1.2457933"
"82515357","1","2020-03-23 09:38:36.000","muindre","{""created_by"":""Healthsites.io (osmapi/1.2.2)""}","36.6635978","36.6635978","-1.2450907","-1.2450907"
"82515452","1","2020-03-23 09:40:17.000","muindre","{""created_by"":""Healthsites.io (osmapi/1.2.2)""}","36.6633242","36.6633242","-1.2453052","-1.2453052"
"82515536","1","2020-03-23 09:42:19.000","muindre","{""created_by"":""Healthsites.io (osmapi/1.2.2)""}","36.6633135","36.6633135","-1.2451872","-1.2451872"
"82515757","1","2020-03-23 09:47:50.000","muindre","{""created_by"":""Healthsites.io (osmapi/1.2.2)""}","36.6638607","36.6638607","-1.2447850","-1.2447850"
"82516046","1","2020-03-23 09:54:22.000","muindre","{""created_by"":""Healthsites.io (osmapi/1.2.2)""}","36.6638821","36.6638821","-1.2453320","-1.2453320"
"82516353","1","2020-03-23 10:00:44.000","muindre","{""created_by"":""Healthsites.io (osmapi/1.2.2)""}","36.6629380","36.6629380","-1.2454071","-1.2454071"
"82517310","1","2020-03-23 10:20:44.000","muindre","{""created_by"":""Healthsites.io (osmapi/1.2.2)""}","36.6630024","36.6630024","-1.2450156","-1.2450156"
"82517398","1","2020-03-23 10:22:37.000","muindre","{""created_by"":""Healthsites.io (osmapi/1.2.2)""}","36.6629058","36.6629058","-1.2459488","-1.2459488"
"82517518","1","2020-03-23 10:25:10.000","muindre","{""created_by"":""Healthsites.io (osmapi/1.2.2)""}","36.6624606","36.6624606","-1.2455788","-1.2455788"
"82517879","1","2020-03-23 10:34:00.000","muindre","{""created_by"":""Healthsites.io (osmapi/1.2.2)""}","36.6626376","36.6626376","-1.2441522","-1.2441522"
"82518020","1","2020-03-23 10:36:54.000","muindre","{""created_by"":""Healthsites.io (osmapi/1.2.2)""}","36.6625464","36.6625464","-1.2440610","-1.2440610"
"82518254","1","2020-03-23 10:41:57.000","muindre","{""created_by"":""Healthsites.io (osmapi/1.2.2)""}","36.6639411","36.6639411","-1.2445008","-1.2445008"
"82555993","1","2020-03-24 07:13:58.000","KALUBA MICHEAL","{""created_by"":""Healthsites.io (osmapi/1.2.2)""}","34.0260905","34.0260905","0.5415675","0.5415675"
"82563271","1","2020-03-24 09:49:11.000","Janusz Slota","{""comment"":""Adds opening hours"",""created_by"":""Healthsites.io (osmapi/1.2.2)"",""source"":""local knowledge""}","-0.7520899","-0.7520899","51.3918935","51.3918935"
"82563539","1","2020-03-24 09:54:47.000","timlinux","{""comment"":""Updated to indicate the electricity supply source"",""created_by"":""Healthsites.io (osmapi/1.2.2)"",""source"":""personal knowledge""}","-7.3499796","-7.3499796","39.4145087","39.4145087"
"82563819","1","2020-03-24 09:59:32.000","Janusz Slota","{""comment"":""Name change, used to be Lloyds, now is Kamsons"",""created_by"":""Healthsites.io (osmapi/1.2.2)"",""source"":""local knowledge""}","-0.7520899","-0.7520899","51.3918935","51.3918935"
"82568809","1","2020-03-24 11:44:49.000","Wava Stella","{""comment"":""#YouthMappers"",""created_by"":""Healthsites.io (osmapi/1.2.2)"",""source"":""local knowledge""}","32.6416683","32.6416683","0.4073812","0.4073812"
"82592389","1","2020-03-24 23:37:31.000","Britzz","{""comment"":""ajout infos pharmacie"",""created_by"":""Healthsites.io (osmapi/1.2.2)"",""source"":""survey""}","3.9323041","3.9323042","44.4396298","44.4396299"
"82594693","1","2020-03-25 02:39:43.000","rnjawarneh","{""comment"":""Update name and operation hours"",""created_by"":""Healthsites.io (osmapi/1.2.2)"",""source"":""local knowledge""}","35.8636725","35.8671054","32.5010607","32.5055270"
"82594712","1","2020-03-25 02:41:07.000","rnjawarneh","{""comment"":""update name and operation hours"",""created_by"":""Healthsites.io (osmapi/1.2.2)"",""source"":""local knowledge ""}","35.8698750","35.8698750","32.5233879","32.5233879"
"82594753","1","2020-03-25 02:43:00.000","rnjawarneh","{""comment"":""added new location"",""created_by"":""Healthsites.io (osmapi/1.2.2)"",""source"":""local knowledge""}","35.8639884","35.8639884","32.5226582","32.5226582"
"82594799","1","2020-03-25 02:45:42.000","rnjawarneh","{""comment"":""new pharmacy"",""created_by"":""Healthsites.io (osmapi/1.2.2)"",""source"":""local knowledge,""}","35.8535331","35.8535331","32.5238930","32.5238930"
"82594893","1","2020-03-25 02:49:52.000","rnjawarneh","{""comment"":""mapping new hospitals"",""created_by"":""Healthsites.io (osmapi/1.2.2)"",""source"":""local knowledge and website""}","35.8625990","35.8625990","32.5335900","32.5335900"
"82610394","1","2020-03-25 11:50:01.000","Azimeraw","{""comment"":""there should be enough doctors"",""created_by"":""Healthsites.io (osmapi/1.2.2)"",""source"":"" with observation""}","37.4539268","37.4539268","12.6047943","12.6047943"
"82612243","1","2020-03-25 12:50:28.000","amine4813","{""created_by"":""Healthsites.io (osmapi/1.2.2)""}","0.7507986","0.7507986","35.7283766","35.7283766"
"82614187","1","2020-03-25 13:43:21.000","amine4813","{""created_by"":""Healthsites.io (osmapi/1.2.2)""}","0.8640790","0.8640790","35.6502305","35.6502305"
"82615915","1","2020-03-25 14:34:36.000","tounsi youcef","{""comment"":""la 1er modification c’était par un amis  et j'ai un peu complété l'information "",""created_by"":""Healthsites.io (osmapi/1.2.2)"",""source"":""j'habite a coté de ce médecine ""}","3.0179898","3.0179898","36.7876484","36.7876485"
"82618308","1","2020-03-25 15:49:13.000","markherringer","{""comment"":""local mapper"",""created_by"":""Healthsites.io (osmapi/1.2.2)"",""source"":""Local knowledge""}","4.9302647","4.9302648","52.3614001","52.3614002"
"82622320","1","2020-03-25 17:49:39.000","abdcoul","{""comment"":""this was added for personal update"",""created_by"":""Healthsites.io (osmapi/1.2.2)"",""source"":""local knowledge""}","-7.9963035","-7.9963034","12.6505871","12.6505871"
"82622674","1","2020-03-25 17:59:14.000","abdcoul","{""comment"":""this was added for personal update"",""created_by"":""Healthsites.io (osmapi/1.2.2)"",""source"":""local knowledge""}","-7.9970663","-7.9946248","12.6503236","12.6523983"
"82623239","1","2020-03-25 18:13:57.000","Awelana","{""comment"":""Building an open data commons of health facility data with OpenStreetMap"",""created_by"":""Healthsites.io (osmapi/1.2.2)"",""source"":""A worker from the Pharmacy""}","-1.0877145","-1.0877145","10.8903945","10.8903946"
"82623250","1","2020-03-25 18:14:11.000","abdcoul","{""comment"":""Building an open data commons of health facility data with OpenStreetMap"",""created_by"":""Healthsites.io (osmapi/1.2.2)"",""source"":""local knowledge""}","-8.0143118","-8.0143118","12.6575746","12.6575746"
"82623462","1","2020-03-25 18:19:51.000","abdcoul","{""comment"":""Building an open data commons of health facility data with OpenStreetMap"",""created_by"":""Healthsites.io (osmapi/1.2.2)"",""source"":""local knowledge""}","-8.0156422","-8.0156422","12.6551983","12.6551983"
"82624033","1","2020-03-25 18:37:06.000","Awelana","{""comment"":""Building an open data commons of health facility data with OpenStreetMap"",""created_by"":""Healthsites.io (osmapi/1.2.2)"",""source"":""Local knowledge and because I once worked there""}","-0.0923231","-0.0923231","5.8854813","5.8854814"
"82629559","1","2020-03-25 21:36:40.000","amedsanda","{""comment"":""UEW YouthMappers"",""created_by"":""Healthsites.io (osmapi/1.2.2)"",""source"":""Local Knowledge""}","-0.1466310","-0.1466310","6.4017208","6.4017208"
"82629632","1","2020-03-25 21:39:10.000","amedsanda","{""comment"":""UEWYouthMappers"",""created_by"":""Healthsites.io (osmapi/1.2.2)"",""source"":""Local Knowledge""}","-0.6317139","-0.6287956","5.3532436","5.3534359"
"82660119","1","2020-03-26 11:56:20.000","Zaijo","{""comment"":""Medicentrum má zubára"",""created_by"":""Healthsites.io (osmapi/1.2.2)"",""source"":""local knowlede""}","18.0595775","18.0595776","48.3018779","48.3018779"
"82669559","1","2020-03-26 15:13:15.000","raya187","{""comment"":""Mapping event"",""created_by"":""Healthsites.io (osmapi/1.2.2)"",""source"":""local knowledge""}","39.2057242","39.2057242","-6.1630268","-6.1630267"
"82675465","1","2020-03-26 17:36:57.000","katiacahtbi","{""comment"":""le programme d'organisation "",""created_by"":""Healthsites.io (osmapi/1.2.2)"",""source"":""connaissances locales""}","4.0795575","4.0802893","36.6235991","36.6242778"
"82688084","1","2020-03-27 02:03:12.000","Dewi Sulistioningrum","{""comment"":""update jakarta hospital"",""created_by"":""Healthsites.io (osmapi/1.2.2)"",""source"":""https://rsypkmandiri.co.id/departments/""}","106.8276572","106.8280502","-6.1915118","-6.1911180"
"82704002","1","2020-03-27 08:52:20.000","Adityo","{""comment"":""update data RS Hermina Depok"",""created_by"":""Healthsites.io (osmapi/1.2.2)"",""source"":""local knowledge""}","106.8249426","106.8262006","-6.3999122","-6.3982541"
"82704714","1","2020-03-27 09:06:48.000","harrymahar","{""comment"":""Add the hospital information"",""created_by"":""Healthsites.io (osmapi/1.2.2)"",""source"":""knowledge""}","106.8196580","106.8204977","-6.2946185","-6.2938373"
"82704729","0","2020-03-27 09:07:14.000","Dewi Sulistioningrum","{""comment"":""add helatcare"",""created_by"":""Healthsites.io (osmapi/1.2.2)"",""source"":""website""}",,,,
"82704742","0","2020-03-27 09:07:28.000","Adityo","{""comment"":""Add address for RSUD"",""created_by"":""Healthsites.io (osmapi/1.2.2)"",""source"":""local knowledge""}",,,,
"74707620","1","2019-09-20 07:35:14.000","meomancer","{""created_by"":""Healthsites.io (osmapi/1.2.2)""}","100.0307000","100.0307000","-0.3138400","-0.3138400"
"82726722","1","2020-03-27 17:33:06.000","sejohnson","{""comment"":""#TeachOSM #GWU_geog Added Arlington Pharmacy"",""created_by"":""Healthsites.io (osmapi/1.2.2)"",""source"":""local knowledge""}","-77.1277784","-77.1277784","38.8767108","38.8767109"
"82729082","1","2020-03-27 18:37:07.000","sejohnson","{""comment"":""#TeachOSM #GWU_geog added NOVA Pharmacy"",""created_by"":""Healthsites.io (osmapi/1.2.2)"",""source"":""local knowledge""}","-77.1401384","-77.1401383","38.8739829","38.8739829"
"74772307","1","2019-09-22 13:44:57.000","frepps","{""created_by"":""Healthsites.io (osmapi/1.2.2)""}","-16.0269606","-16.0269606","11.1586979","11.1586979"
"74772734","1","2019-09-22 14:02:50.000","frepps","{""created_by"":""Healthsites.io (osmapi/1.2.2)""}","-16.1139983","-16.1139983","11.3313833","11.3313833"
"74772751","1","2019-09-22 14:03:34.000","frepps","{""created_by"":""Healthsites.io (osmapi/1.2.2)""}","-16.0269607","-16.0269606","11.1586978","11.1586979"
"74772945","1","2019-09-22 14:11:56.000","frepps","{""created_by"":""Healthsites.io (osmapi/1.2.2)""}","-15.9280000","-15.9280000","11.1647000","11.1647000"
"74773001","1","2019-09-22 14:13:54.000","frepps","{""created_by"":""Healthsites.io (osmapi/1.2.2)""}","-15.8503000","-15.8503000","11.3564000","11.3564000"
"74773033","1","2019-09-22 14:15:41.000","frepps","{""created_by"":""Healthsites.io (osmapi/1.2.2)""}","-16.4478000","-16.4478000","11.2936000","11.2936000"
"74773070","1","2019-09-22 14:17:29.000","frepps","{""created_by"":""Healthsites.io (osmapi/1.2.2)""}","-15.7173000","-15.7173000","11.2727000","11.2727000"
"74773100","1","2019-09-22 14:19:35.000","frepps","{""created_by"":""Healthsites.io (osmapi/1.2.2)""}","-16.3028000","-16.3028000","11.4933000","11.4933000"
"74773133","1","2019-09-22 14:21:16.000","frepps","{""created_by"":""Healthsites.io (osmapi/1.2.2)""}","-15.9900000","-15.9900000","11.4580000","11.4580000"
"74773154","1","2019-09-22 14:22:42.000","frepps","{""created_by"":""Healthsites.io (osmapi/1.2.2)""}","-16.1427000","-16.1427000","11.1596000","11.1596000"
"74773176","1","2019-09-22 14:24:03.000","frepps","{""created_by"":""Healthsites.io (osmapi/1.2.2)""}","-16.1627000","-16.1627000","11.2463000","11.2463000"
"74773231","1","2019-09-22 14:26:20.000","frepps","{""created_by"":""Healthsites.io (osmapi/1.2.2)""}","-15.8374625","-15.8374625","11.3042569","11.3042569"
"74773429","1","2019-09-22 14:32:52.000","frepps","{""created_by"":""Healthsites.io (osmapi/1.2.2)""}","-16.2547000","-16.2547000","11.8570000","11.8570000"
"74773465","1","2019-09-22 14:34:37.000","frepps","{""created_by"":""Healthsites.io (osmapi/1.2.2)""}","-16.0576000","-16.0576000","11.7678000","11.7678000"
"74776874","1","2019-09-22 16:58:52.000","frepps","{""created_by"":""Healthsites.io (osmapi/1.2.2)""}","-15.9900000","-15.9139323","11.4580000","11.4615821"
"82804084","1","2020-03-30 05:37:14.000","hfs","{""comment"":""Ost-Apotheke Adresse und Website"",""created_by"":""Healthsites.io (osmapi/1.2.2)"",""source"":""https://www.ost-apotheke-app.de/""}","13.0771852","13.0771852","52.3946274","52.3946275"
"82815652","1","2020-03-30 09:44:30.000","Nicheniche","{""comment"":""One of the better government hospitals in Cape Town"",""created_by"":""Healthsites.io (osmapi/1.2.2)"",""source"":""Local knowledge - staff members use regularly""}","18.4121471","18.4171519","-34.1328250","-34.1295090"
"82830268","1","2020-03-30 14:51:49.000","Rory Nealon","{""comment"":""#YouthMappers"",""created_by"":""Healthsites.io (osmapi/1.2.2)"",""source"":""Local Knowledge""}","-76.6283041","-76.6283040","39.3076520","39.3076520"
"82831148","1","2020-03-30 15:11:58.000","markherringer","{""comment"":""local mapper"",""created_by"":""Healthsites.io (osmapi/1.2.2)"",""source"":""local mapper""}","4.9164538","4.9164538","52.3576477","52.3576477"
"82839331","1","2020-03-30 18:32:02.000","sejohnson","{""comment"":""#TeachOSM #covid-19 #gwu_geog"",""created_by"":""Healthsites.io (osmapi/1.2.2)"",""source"":""Local knowledge""}","-77.1295636","-77.1254146","38.8878434","38.8920837"
"82852313","1","2020-03-31 04:29:47.000","AfricanChild","{""comment"":""This change is a contribution to the mapping of Hospitals which is a project carried out by healthsites.io on the open street map platform."",""created_by"":""Healthsites.io (osmapi/1.2.2)"",""source"":""Local Knowledge""}","3.2366323","3.2366323","6.6912104","6.6912104"
"82868832","1","2020-03-31 11:28:45.000","Bukenya janan","{""comment"":""#youthmappers #visionmappers #islm-entebbe"",""created_by"":""Healthsites.io (osmapi/1.2.2)"",""source"":""local knowledge ""}","32.5626343","32.5626343","0.3514852","0.3514852"
"82870688","1","2020-03-31 12:11:00.000","Bukenya janan","{""comment"":""#visionmappers #youthmappers #islm"",""created_by"":""Healthsites.io (osmapi/1.2.2)"",""source"":""local knowledge ""}","32.5303459","32.5303459","0.0974500","0.0974500"
"82879700","1","2020-03-31 15:56:18.000","sejohnson","{""comment"":""#teachOSM #covid-19 #GWU_geog"",""created_by"":""Healthsites.io (osmapi/1.2.2)"",""source"":""local knowledge""}","-77.1235219","-77.1235219","38.8779294","38.8779294"
"82882740","1","2020-03-31 17:03:00.000","wille","{""comment"":""update hgrs"",""created_by"":""Healthsites.io (osmapi/1.2.2)"",""source"":""secretaria de saúde""}","-38.4527927","-38.4496033","-12.9588110","-12.9542004"
"82882866","1","2020-03-31 17:05:10.000","fireontherocks","{""comment"":""Adding community health centre nor previously identified "",""created_by"":""Healthsites.io (osmapi/1.2.2)"",""source"":""Yukon government website, local knowledge, https://www.yukoninfo.com/yukon-southeast-alaska-northern-british-columbia-maps/teslin-map/""}","-132.7234429","-132.7234429","60.1634161","60.1634161"
"82883081","1","2020-03-31 17:09:21.000","fireontherocks","{""comment"":""addition of health centre not previously mapped "",""created_by"":""Healthsites.io (osmapi/1.2.2)"",""source"":""local knowledge, Yukon government website ""}","-135.0657088","-135.0657088","60.7316149","60.7316149"
"82886507","1","2020-03-31 18:31:15.000","sejohnson","{""comment"":""#TeachOSM #GWU_geog #covid-19"",""created_by"":""Healthsites.io (osmapi/1.2.2)"",""source"":""local knowledge""}","-77.1405654","-77.1401224","38.8851544","38.8854731"
"82886612","1","2020-03-31 18:34:53.000","sejohnson","{""comment"":""#teachosm #covid-19 #GWU_geog"",""created_by"":""Healthsites.io (osmapi/1.2.2)"",""source"":""local knowledge""}","-77.1562110","-77.1555257","38.9000124","38.9004427"
"82914442","1","2020-04-01 09:34:13.000","Fatisya Ilani Yusuf","{""comment"":""mapping event"",""created_by"":""Healthsites.io (osmapi/1.2.2)"",""source"":""local knowledge""}","106.8341543","106.8354127","-6.3656742","-6.3651539"
"82936744","1","2020-04-01 16:46:35.000","nadirasaraswati","{""comment"":""Added information on RSPI based on local knowledge."",""created_by"":""Healthsites.io (osmapi/1.2.2)"",""source"":""local knowledge, RSPI website (https://www.rspondokindah.co.id/id)""}","106.7816699","106.7816699","-6.2836316","-6.2836316"
"82940635","1","2020-04-01 18:47:56.000","Geo-Surveillance","{""comment"":""Unique mapper Yola"",""created_by"":""Healthsites.io (osmapi/1.2.2)"",""source"":""Field data""}","12.4588840","12.4588840","9.2782970","9.2782970"
"82941852","1","2020-04-01 19:26:27.000","sejohnson","{""comment"":""Updated address & phone"",""created_by"":""Healthsites.io (osmapi/1.2.2)"",""source"":""local knowledge""}","-77.1562110","-77.1555257","38.9000124","38.9004427"
"82943405","1","2020-04-01 20:20:47.000","EvertonBortolini","{""comment"":""Atualização das informações do HC-UFPR"",""created_by"":""Healthsites.io (osmapi/1.2.2)"",""source"":""http://www2.ebserh.gov.br/web/chc-ufpr""}","-49.2628087","-49.2611899","-25.4251637","-25.4234749"
"82943587","1","2020-04-01 20:28:48.000","EvertonBortolini","{""comment"":""Atualização das informaçõe sobre o HC-UFPR"",""created_by"":""Healthsites.io (osmapi/1.2.2)"",""source"":""http://www2.ebserh.gov.br/web/chc-ufpr""}","-49.2628087","-49.2611899","-25.4251637","-25.4234749"
"82944650","1","2020-04-01 21:15:38.000","EvertonBortolini","{""comment"":""Atualização sobre o HC"",""created_by"":""Healthsites.io (osmapi/1.2.2)"",""source"":""http://www2.ebserh.gov.br/web/chc-ufpr""}","-49.2621590","-49.2615386","-25.4248417","-25.4238039"
"82955687","1","2020-04-02 05:23:07.000","Fatisya Ilani Yusuf","{""comment"":""mapping event"",""created_by"":""Healthsites.io (osmapi/1.2.2)"",""source"":""loca knowledge""}","106.8296009","106.8296009","-6.3724263","-6.3724263"
"82985720","1","2020-04-02 14:13:19.000","Patricia Solis","{""comment"":""#YouthMappers #Map4COVID19"",""created_by"":""Healthsites.io (osmapi/1.2.2)"",""source"":""personal knowledge""}","-79.9082647","-79.9079063","8.5382928","8.5386979"
"82985794","1","2020-04-02 14:14:54.000","Patricia Solis","{""comment"":""#YouthMappers #Map4COVID19"",""created_by"":""Healthsites.io (osmapi/1.2.2)"",""source"":""personal knowledge""}","-79.9091864","-79.9091864","8.5511140","8.5511140"
"83002776","1","2020-04-02 23:33:37.000","wille","{""comment"":""update hapvida salvador"",""created_by"":""Healthsites.io (osmapi/1.2.2)"",""source"":""knowledge""}","-38.4487139","-38.4487139","-12.9931337","-12.9931337"
"83002816","1","2020-04-02 23:37:01.000","wille","{""comment"":""update hospitals"",""created_by"":""Healthsites.io (osmapi/1.2.2)"",""source"":""knowledge""}","-38.4205532","-38.4191960","-12.8880276","-12.8863147"
"83021249","1","2020-04-03 08:50:11.000","CaraghMcI","{""comment"":""#YouthMapper #Map4COVID19 "",""created_by"":""Healthsites.io (osmapi/1.2.2)"",""source"":""personal knowledge""}","28.2146608","28.2177806","-25.7718927","-25.7695856"
"83024049","1","2020-04-03 09:39:17.000","Janusz Slota","{""comment"":""address and name update"",""created_by"":""Healthsites.io (osmapi/1.2.2)"",""source"":""local knowledge and website""}","-0.7710425","-0.7704112","51.3984414","51.3988718"
"83034073","1","2020-04-03 12:36:11.000","Tina Zekh","{""comment"":""ww.google.com/maps/place/Clinique+Chirurgicale+IBN+SINA/@36.8050183,3.2357219,17z/data=!3m1!4b1!4m5!3m4!1s0x128e4f3f9d0755a5:0x6a2744bdfc8b937a!8m2!3d36.805014!4d3.2379106"",""created_by"":""Healthsites.io (osmapi/1.2.2)"",""source"":""i'am health worker ""}","3.2521999","3.2521999","36.8092589","36.8092589"
"83051402","1","2020-04-03 19:30:42.000","sejohnson","{""comment"":""#TeachOSM_AGS #covid-19 "",""created_by"":""Healthsites.io (osmapi/1.2.2)"",""source"":""local knowledge, web search""}","-77.1277784","-77.1277784","38.8767107","38.8767108"
"83052374","1","2020-04-03 20:07:07.000","Betsy Smalley","{""comment"":""Pharmacy inside Amigos store  #TeachOSM #geosmalley #AGS "",""created_by"":""Healthsites.io (osmapi/1.2.2)"",""source"":""local knowledge, websearch""}","-101.7100954","-101.7100954","34.2060172","34.2060172"
"83052504","1","2020-04-03 20:13:23.000","Betsy Smalley","{""comment"":""#TeachOSM #geosmalley #AGS  in-store pharmacy"",""created_by"":""Healthsites.io (osmapi/1.2.2)"",""source"":""websearch""}","-101.8688285","-101.8688285","33.5991161","33.5991161"
"83052629","1","2020-04-03 20:18:29.000","Betsy Smalley","{""comment"":""#TeachOSM #geosmalley #AGS added in-store pharmacy at Amigos"",""created_by"":""Healthsites.io (osmapi/1.2.2)"",""source"":""websearch""}","-101.7983830","-101.7983830","35.1916223","35.1916223"
"83058706","1","2020-04-04 03:23:23.000","themattenatorknows","{""comment"":""Add phone number and ownership"",""created_by"":""Healthsites.io (osmapi/1.2.2)"",""source"":""website""}","-77.4732024","-77.4732023","39.0441595","39.0441595"
"83058815","1","2020-04-04 03:33:58.000","eneerhut","{""comment"":""Added details I could find from main website."",""created_by"":""Healthsites.io (osmapi/1.2.2)"",""source"":""https://www.barwonhealth.org.au/contact""}","144.3641186","144.3670648","-38.1533222","-38.1509159"
"83059196","1","2020-04-04 04:16:11.000","Martin Affum","{""comment"":""mapping event"",""created_by"":""Healthsites.io (osmapi/1.2.2)"",""source"":""local knowledge""}","-1.9408016","-1.9378404","7.5907497","7.5927384"
"83059234","1","2020-04-04 04:20:00.000","Martin Affum","{""comment"":""mapping event"",""created_by"":""Healthsites.io (osmapi/1.2.2)"",""source"":""local knowledge""}","-1.9453232","-1.9453231","7.5798328","7.5798328"
"83059260","1","2020-04-04 04:22:38.000","Martin Affum","{""comment"":""mapping event"",""created_by"":""Healthsites.io (osmapi/1.2.2)"",""source"":""local knowledge""}","-1.9612486","-1.9612486","7.5749267","7.5749267"
"83068278","1","2020-04-04 11:36:43.000","rupertmaesglas","{""comment"":""Partial updates on Bronglais hospital, from user knowledge"",""created_by"":""Healthsites.io (osmapi/1.2.2)"",""source"":""Local knowledge""}","-4.0734944","-4.0700942","52.4158064","52.4169604"
"83086771","1","2020-04-05 02:23:11.000","Martin Affum","{""comment"":""mapping event"",""created_by"":""Healthsites.io (osmapi/1.2.2)"",""source"":""local knowledge""}","-2.3168832","-2.3119696","7.3440934","7.3478665"
"83086868","1","2020-04-05 02:36:43.000","Martin Affum","{""comment"":""mapping event"",""created_by"":""Healthsites.io (osmapi/1.2.2)"",""source"":""local knowledge""}","-2.3303440","-2.3278463","7.3366378","7.3395986"
"83086979","1","2020-04-05 02:49:45.000","Martin Affum","{""comment"":""mapping event"",""created_by"":""Healthsites.io (osmapi/1.2.2)"",""source"":""local knowledge""}","-1.2284805","-1.2284805","10.4801880","10.4801880"
"83119177","1","2020-04-06 04:11:13.000","Fatisya Ilani Yusuf","{""comment"":""mapping event"",""created_by"":""Healthsites.io (osmapi/1.2.2)"",""source"":""a website""}","106.8296008","106.8296009","-6.3724263","-6.3724263"
"83123950","1","2020-04-06 06:13:24.000","Dewi Sulistioningrum","{""comment"":""try healthsite"",""created_by"":""Healthsites.io (osmapi/1.2.2)"",""source"":""website""}","106.7699684","106.7702088","-6.2180586","-6.2179132"
"83124631","1","2020-04-06 06:26:37.000","Dewi Sulistioningrum","{""comment"":""add hospital name"",""created_by"":""Healthsites.io (osmapi/1.2.2)"",""source"":""website""}","110.2055538","110.2078001","-6.9192461","-6.9168957"
"83153766","1","2020-04-06 15:09:29.000","sorieson j kamara","{""comment"":""Youthmapper4Covid19"",""created_by"":""Healthsites.io (osmapi/1.2.2)"",""source"":""Local knowledge""}","-12.0460094","-12.0460093","8.8881915","8.8881916"
"83154016","1","2020-04-06 15:15:44.000","sorieson j kamara","{""comment"":""Youthmapper-map4covid19"",""created_by"":""Healthsites.io (osmapi/1.2.2)"",""source"":""Local knowledge""}","-12.0454452","-12.0454451","8.8883226","8.8883227"
"83154246","1","2020-04-06 15:21:02.000","sorieson j kamara","{""comment"":""Youthmapper-map4covid19"",""created_by"":""Healthsites.io (osmapi/1.2.2)"",""source"":""Local Knowledge""}","-12.0438046","-12.0438045","8.8867468","8.8867468"
"83154408","1","2020-04-06 15:25:34.000","sorieson j kamara","{""comment"":""youthmapper-map4covid19"",""created_by"":""Healthsites.io (osmapi/1.2.2)"",""source"":""Local knowledge""}","-12.0567384","-12.0567384","8.8715184","8.8715185"
"83170461","1","2020-04-07 02:32:51.000","Dewi Sulistioningrum","{""comment"":""add attribute data for priority hospital COVID 19"",""created_by"":""Healthsites.io (osmapi/1.2.2)"",""source"":""a website""}","108.4923956","108.4944126","-6.8863134","-6.8845820"
"83180219","1","2020-04-07 07:21:51.000","Dewi Sulistioningrum","{""comment"":""menambahkan atribut pada RS COVID 19 #indonesiahospitalmapping #covid19"",""created_by"":""Healthsites.io (osmapi/1.2.2)"",""source"":""website""}","108.5596659","108.5601059","-6.7089400","-6.7084889"
"83180433","1","2020-04-07 07:26:09.000","Dewi Sulistioningrum","{""comment"":""#indonesiahospitalmapping #covid19"",""created_by"":""Healthsites.io (osmapi/1.2.2)"",""source"":""website""}","106.8196580","106.8204977","-6.2946185","-6.2938373"
"83186278","1","2020-04-07 09:07:58.000","Shen Qiao","{""comment"":""Adding pharmacies to make a difference "",""created_by"":""Healthsites.io (osmapi/1.2.2)"",""source"":""Personal knowledge ""}","28.0621719","28.0621719","-26.1307242","-26.1307242"
"83223317","0","2020-04-08 02:49:28.000","Dewi Sulistioningrum","{""comment"":""mapathon COVID 19 menambahkan informasi RSPAD #indonesiahospitalmapping #covid19"",""created_by"":""Healthsites.io (osmapi/1.2.2)"",""source"":""website""}",,,,
"83223401","0","2020-04-08 02:53:14.000","Dewi Sulistioningrum","{""comment"":""#indonesiahospitalmapping #covid19 "",""created_by"":""Healthsites.io (osmapi/1.2.2)"",""source"":""website""}",,,,
"83223559","1","2020-04-08 02:59:01.000","Dewi Sulistioningrum","{""comment"":""#indonesiahospitalmapping #covid19 "",""created_by"":""Healthsites.io (osmapi/1.2.2)"",""source"":""website""}","106.8099625","106.8107220","-6.1718719","-6.1713907"
"83224518","1","2020-04-08 03:35:01.000","Dewi Sulistioningrum","{""comment"":""add RS COVID 19 Indonesia"",""created_by"":""Healthsites.io (osmapi/1.2.2)"",""source"":""website""}","106.8352818","106.8389779","-6.1781396","-6.1752916"
"83224726","1","2020-04-08 03:42:36.000","ahdanasd","{""comment"":""#indonesiahospitalmapping #covid19 "",""created_by"":""Healthsites.io (osmapi/1.2.2)"",""source"":""https://www.rskariadi.co.id""}","110.4064485","110.4111997","-6.9954225","-6.9914226"
"83239853","1","2020-04-08 08:21:38.000","rnjawarneh","{""comment"":""update healthsite"",""created_by"":""Healthsites.io (osmapi/1.2.2)"",""source"":""local knowledge""}","35.8639884","35.8639884","32.5226582","32.5226582"
"83240257","1","2020-04-08 08:27:18.000","rnjawarneh","{""comment"":""create new healthsite"",""created_by"":""Healthsites.io (osmapi/1.2.2)"",""source"":""local knowledge""}","35.8557755","35.8557755","32.5363488","32.5363488"
"83268513","1","2020-04-08 18:54:31.000","Betsy Smalley","{""comment"":""added in-store pharmacy #AGS #TeachOSM #geosmalley "",""created_by"":""Healthsites.io (osmapi/1.2.2)"",""source"":""United website, local knowledge""}","-101.9064009","-101.9064009","33.5757801","33.5757801"
"83268663","1","2020-04-08 18:59:40.000","Betsy Smalley","{""comment"":""added in-store pharmacy #AGS #TeachOSM #geosmalley "",""created_by"":""Healthsites.io (osmapi/1.2.2)"",""source"":""United website, local knowledge""}","-101.8751907","-101.8751907","33.5185887","33.5185887"
"83268976","1","2020-04-08 19:11:41.000","Betsy Smalley","{""comment"":""added in-store pharmacy #AGS #TeachOSM #geosmalley "",""created_by"":""Healthsites.io (osmapi/1.2.2)"",""source"":""United website""}","-101.8084145","-101.8084145","33.5971635","33.5971635"
"83269052","1","2020-04-08 19:14:36.000","Betsy Smalley","{""comment"":""edited in-store pharmacy #AGS #TeachOSM #geosmalley  "",""created_by"":""Healthsites.io (osmapi/1.2.2)"",""source"":""United website""}","-101.9207749","-101.9207749","33.5919500","33.5919501"
"83269235","1","2020-04-08 19:20:58.000","Betsy Smalley","{""comment"":""added in-store pharmacy #AGS #TeachOSM #geosmalley  "",""created_by"":""Healthsites.io (osmapi/1.2.2)"",""source"":""United website, local knowledge""}","-101.9405508","-101.9405508","33.5483247","33.5483247"
"83269359","1","2020-04-08 19:25:06.000","Betsy Smalley","{""comment"":""added in-store pharmacy #AGS #TeachOSM #geosmalley  "",""created_by"":""Healthsites.io (osmapi/1.2.2)"",""source"":""United website""}","-101.8892455","-101.8892455","33.5478732","33.5478732"
"83269475","1","2020-04-08 19:29:12.000","Betsy Smalley","{""comment"":""added in-store pharmacy #AGS #TeachOSM #geosmalley  "",""created_by"":""Healthsites.io (osmapi/1.2.2)"",""source"":""United website""}","-101.8689358","-101.8689358","33.5991340","33.5991340"
"83269541","1","2020-04-08 19:32:09.000","Betsy Smalley","{""comment"":""added in-store pharmacy #AGS #TeachOSM #geosmalley  "",""created_by"":""Healthsites.io (osmapi/1.2.2)"",""source"":""United website""}","-101.9419777","-101.9419777","33.5205386","33.5205386"
"83269624","1","2020-04-08 19:35:29.000","Betsy Smalley","{""comment"":""added in-store pharmacy #AGS #TeachOSM #geosmalley  "",""created_by"":""Healthsites.io (osmapi/1.2.2)"",""source"":""United website""}","-101.9062936","-101.9062936","33.5757488","33.5757488"
"83269736","1","2020-04-08 19:39:45.000","Betsy Smalley","{""comment"":""added in-store pharmacy #AGS #TeachOSM #geosmalley  "",""created_by"":""Healthsites.io (osmapi/1.2.2)"",""source"":""United website""}","-101.8855709","-101.8855709","33.4773975","33.4773975"
"83269827","1","2020-04-08 19:42:55.000","Betsy Smalley","{""comment"":""added in-store pharmacy #AGS #TeachOSM #geosmalley  "",""created_by"":""Healthsites.io (osmapi/1.2.2)"",""source"":""United website""}","-101.9555283","-101.9555283","33.5906440","33.5906440"
"83291092","0","2020-04-09 07:44:08.000","Dewi Sulistioningrum","{""comment"":""melengkapi data RS COVID 19 #indonesiahospitalmapping #covid19"",""created_by"":""Healthsites.io (osmapi/1.2.2)"",""source"":""website""}",,,,
"83291129","0","2020-04-09 07:44:39.000","Dewi Sulistioningrum","{""comment"":""#indonesiahospitalmapping #covid19"",""created_by"":""Healthsites.io (osmapi/1.2.2)"",""source"":""website""}",,,,
"83291193","1","2020-04-09 07:45:40.000","Dewi Sulistioningrum","{""comment"":""#indonesiahospitalmapping #covid19"",""created_by"":""Healthsites.io (osmapi/1.2.2)"",""source"":""website""}","108.5534937","108.5562047","-6.7317232","-6.7289706"
"83291494","1","2020-04-09 07:49:48.000","Dewi Sulistioningrum","{""comment"":""#indonesiahospitalmapping #covid19 melengkapi atribut RS"",""created_by"":""Healthsites.io (osmapi/1.2.2)"",""source"":""website""}","108.3206905","108.3224079","-6.3305554","-6.3289559"
"83291626","1","2020-04-09 07:51:48.000","RizkyA","{""comment"":""adding address, hospital contact number, and hospital url/website"",""created_by"":""Healthsites.io (osmapi/1.2.2)"",""source"":""the hospital website""}","110.4045662","110.4054634","-6.9977507","-6.9966046"
"83291953","1","2020-04-09 07:56:42.000","RizkyA","{""comment"":""adding address, contact number, and also open hours"",""created_by"":""Healthsites.io (osmapi/1.2.2)"",""source"":""a website and local knowledge""}","110.4418904","110.4449310","-7.0487622","-7.0460740"
"83292276","1","2020-04-09 08:01:46.000","Dewi Sulistioningrum","{""comment"":""#indonesiahospitalmapping #covid19"",""created_by"":""Healthsites.io (osmapi/1.2.2)"",""source"":""website""}","107.5974051","107.5992738","-6.9000879","-6.8959834"
"83292304","1","2020-04-09 08:02:10.000","RizkyA","{""comment"":""adding new doctor's practice place"",""created_by"":""Healthsites.io (osmapi/1.2.2)"",""source"":""local knowledge""}","110.4075819","110.4075819","-6.9779886","-6.9779886"
"83293918","0","2020-04-09 08:28:29.000","Alessandro Musetta","{""comment"":""individual contribution"",""created_by"":""Healthsites.io (osmapi/1.2.2)"",""source"":""local knowledge""}",,,,
"83293956","0","2020-04-09 08:29:07.000","Alessandro Musetta","{""comment"":""individual contribution"",""created_by"":""Healthsites.io (osmapi/1.2.2)"",""source"":""local knowledge""}",,,,
"83294175","1","2020-04-09 08:32:59.000","Alessandro Musetta","{""comment"":""individual contribution"",""created_by"":""Healthsites.io (osmapi/1.2.2)"",""source"":""local knowledge""}","-43.4185749","-43.4185749","-22.5945482","-22.5945482"
"83294613","1","2020-04-09 08:40:10.000","Alessandro Musetta","{""comment"":""individual contribution"",""created_by"":""Healthsites.io (osmapi/1.2.2)"",""source"":""local knowledge""}","-43.4167725","-43.4167725","-22.5920718","-22.5920718"
"83314211","1","2020-04-09 14:20:39.000","Allan Bayers","{""comment"":""Vital source for prescription and nonprescription drugs, emergency kit and first-aid devices."",""created_by"":""Healthsites.io (osmapi/1.2.2)"",""source"":""https://www.mercurydrug.com/""}","121.0084176","121.0084176","14.4194269","14.4194269"
"83325360","1","2020-04-09 19:40:43.000","sejohnson","{""comment"":""Update address info for VA hospital Center"",""created_by"":""Healthsites.io (osmapi/1.2.2)"",""source"":""local knowledge, web search""}","-77.1295636","-77.1254146","38.8878434","38.8920837"
"83381112","1","2020-04-10 20:04:23.000","sejohnson","{""comment"":""#americangeo #teachosm Updated CVS in Arlington"",""created_by"":""Healthsites.io (osmapi/1.2.2)"",""source"":""local knowledge, store website""}","-77.1055042","-77.1050643","38.8732415","38.8735861"
"83382096","1","2020-04-10 20:46:29.000","ntx_geography","{""comment"":""American Geographical Society, TeachOSM"",""created_by"":""Healthsites.io (osmapi/1.2.2)"",""source"":""live in area""}","-96.7933112","-96.7890090","33.0124782","33.0159103"
"83382160","1","2020-04-10 20:49:18.000","ntx_geography","{""comment"":""American Geographical Society, TeachOSM"",""created_by"":""Healthsites.io (osmapi/1.2.2)"",""source"":""local knowledge""}","-96.7957199","-96.7957199","33.0012226","33.0012226"
"83382562","1","2020-04-10 21:07:26.000","rnjawarneh","{""comment"":""#Youthmappers #YUMappers #Mapping COVID19"",""created_by"":""Healthsites.io (osmapi/1.2.2)"",""source"":""local knowledge, a website""}","35.8575565","35.8575565","32.5241101","32.5241101"
"83398578","1","2020-04-11 13:19:46.000","noorbaninaser","{""comment"":""#youthmappers  #yumappers #mapping19"",""created_by"":""Healthsites.io (osmapi/1.2.2)"",""source"":""local knowledge website""}","35.7335205","35.7335206","32.3961746","32.3961746"
"83398676","1","2020-04-11 13:23:26.000","maha_alomari","{""comment"":""#youthmappers #yumappers #mappingcovid19"",""created_by"":""Healthsites.io (osmapi/1.2.2)"",""source"":""Local knowledg website""}","35.8040965","35.8042383","32.4847937","32.4849102"
"83400245","1","2020-04-11 14:15:33.000","noorbaninaser","{""comment"":""#youthmappers #yumappers #mappingcovid19"",""created_by"":""Healthsites.io (osmapi/1.2.2)"",""source"":""local knowledge website""}","35.7211876","35.7211876","32.3862312","32.3862312"
"83400812","1","2020-04-11 14:34:23.000","noorbaninaser","{""comment"":""#youthmappers #yumappers #mappingcovid19"",""created_by"":""Healthsites.io (osmapi/1.2.2)"",""source"":""local knowledge website""}","35.7291913","35.7291913","32.3814383","32.3814383"
"83401578","1","2020-04-11 14:57:15.000","noorbaninaser","{""comment"":""#youthmappers #yumappers #mappingcovid19"",""created_by"":""Healthsites.io (osmapi/1.2.2)"",""source"":""local knowledge website""}","35.7319915","35.7319915","32.3829061","32.3829061"
"83406960","1","2020-04-11 17:40:29.000","noorbaninaser","{""comment"":""#youthmappers #yumappers #mappingcovid19"",""created_by"":""Healthsites.io (osmapi/1.2.2)"",""source"":""local knowledge website""}","35.7291591","35.7291591","32.3815471","32.3815471"
"83407541","1","2020-04-11 18:03:17.000","noorbaninaser","{""comment"":""#youthmappers #yumappers #mappingcovid19"",""created_by"":""Healthsites.io (osmapi/1.2.2)"",""source"":""website local knowledage""}","35.7274210","35.7274210","32.3834860","32.3834860"
"83550263","0","2020-04-14 18:49:56.000","noelledwyer","{""comment"":""added phone number, website, and hospital tag"",""created_by"":""Healthsites.io (osmapi/1.2.2)"",""source"":""https://www.bethesdaweb.com/""}",,,,
"83550401","1","2020-04-14 18:53:25.000","noelledwyer","{""comment"":""added phone number"",""created_by"":""Healthsites.io (osmapi/1.2.2)"",""source"":""https://www.walgreens.com/locator/walgreens-1601+s+congress+ave-boynton+beach-fl-33426/id=5490""}","-80.0909544","-80.0909543","26.5126849","26.5126849"
